-2000	1.1246721799145023
-1999	1.1262445534209171
-1998	1.1241269006607044
-1997	1.1229989385179966
-1996	1.1229565789077776
-1995	1.1233796329278662
-1994	1.1284364064609311
-1993	1.1321485584983266
-1992	1.1334689811889427
-1991	1.1341043834585742
-1990	1.1346641978525733
-1989	1.1360296915139418
-1988	1.1336191209728819
-1987	1.131717078903892
-1986	1.138662012697882
-1985	1.141809339960476
-1984	1.1445716596077604
-1983	1.1444331221731312
-1982	1.1461537983492915
-1981	1.1476129284913998
-1980	1.1452088125020146
-1979	1.145166521704939
-1978	1.1448955030954746
-1977	1.1452946069848586
-1976	1.1468238102489088
-1975	1.148633264925286
-1974	1.1497670821172286
-1973	1.1423089244593698
-1972	1.142524954791828
-1971	1.140029622009959
-1970	1.1414491820287513
-1969	1.1423712496731775
-1968	1.1454197820126413
-1967	1.1478936269535238
-1966	1.1455307419385656
-1965	1.147071044286152
-1964	1.1514392695632805
-1963	1.153711776596954
-1962	1.162512201449299
-1961	1.1624536449426268
-1960	1.1625755881464266
-1959	1.1634126443071777
-1958	1.161255493745148
-1957	1.1636705115721766
-1956	1.1658477997968355
-1955	1.165116888040819
-1954	1.1695620025317353
-1953	1.1687624026763153
-1952	1.1691410438976733
-1951	1.1745894471235783
-1950	1.175653165296079
-1949	1.1777592569021096
-1948	1.175736326873901
-1947	1.175016013755796
-1946	1.1714009250173847
-1945	1.1716813528424046
-1944	1.1764511160223359
-1943	1.1781938369479403
-1942	1.1792981846100954
-1941	1.1811549851678342
-1940	1.1818369962649053
-1939	1.1776787005215286
-1938	1.167227308105034
-1937	1.1670291181653738
-1936	1.1678051954531765
-1935	1.1702252735335186
-1934	1.1676898760848256
-1933	1.1713398112111302
-1932	1.1735272620202428
-1931	1.1747786511094815
-1930	1.180223314772289
-1929	1.1840165953739101
-1928	1.1888807530937544
-1927	1.1879376134045991
-1926	1.1875505355975953
-1925	1.1878310187783347
-1924	1.1863391780889179
-1923	1.180722716447699
-1922	1.1799125526264969
-1921	1.1789027451720822
-1920	1.1807447022956659
-1919	1.1826771364573494
-1918	1.184106907085422
-1917	1.1830143498398933
-1916	1.1856574798115047
-1915	1.1866005874167844
-1914	1.1820031004363154
-1913	1.1847176480080828
-1912	1.185628466382922
-1911	1.1881959046869273
-1910	1.1895703987169817
-1909	1.19569412700413
-1908	1.1951826260346605
-1907	1.1948916512919239
-1906	1.1955969306569263
-1905	1.1980666187498346
-1904	1.2006203845876406
-1903	1.1999563910141886
-1902	1.202825888415357
-1901	1.2099992205355181
-1900	1.208492444760828
-1899	1.2116624235837574
-1898	1.2124060897014466
-1897	1.2155338771731021
-1896	1.2170429977636978
-1895	1.2151275829198849
-1894	1.215465098589539
-1893	1.2146016843168133
-1892	1.216762816675576
-1891	1.215758343604973
-1890	1.2186865970926233
-1889	1.2192431244266082
-1888	1.2184474037728277
-1887	1.2219399991763165
-1886	1.2183318090546562
-1885	1.2170285867100739
-1884	1.2236283273851296
-1883	1.2263497188537715
-1882	1.2281358902563293
-1881	1.2253995076136057
-1880	1.2263432085349497
-1879	1.2271902030146864
-1878	1.2278971281201845
-1877	1.2257680805272846
-1876	1.2239924657895382
-1875	1.2211708885479164
-1874	1.2247057626674693
-1873	1.2243012598749385
-1872	1.2243355781917113
-1871	1.2224597960381383
-1870	1.2239752822970769
-1869	1.2267504583400894
-1868	1.225555156189275
-1867	1.2260194206797335
-1866	1.222701792257378
-1865	1.2240945106319874
-1864	1.2253301685010214
-1863	1.2261149500343336
-1862	1.2263350376791984
-1861	1.226490866512539
-1860	1.2292880992363975
-1859	1.2299898256319595
-1858	1.2326763824346554
-1857	1.2346533801571193
-1856	1.2352181213896676
-1855	1.2345266231376841
-1854	1.2357973723287083
-1853	1.2310357263319225
-1852	1.2311699491772188
-1851	1.2329712515569715
-1850	1.2335570700855618
-1849	1.2366771092750581
-1848	1.235013968516964
-1847	1.234488301001579
-1846	1.2367768375255377
-1845	1.2403733536720756
-1844	1.240181298814265
-1843	1.2434433648534808
-1842	1.2433515681051106
-1841	1.2447502188324688
-1840	1.2456853053865422
-1839	1.2420697006879442
-1838	1.2422332473203959
-1837	1.2379192730943003
-1836	1.2383446713243742
-1835	1.2392720429668105
-1834	1.2385693467091246
-1833	1.2404425049941223
-1832	1.240847954264726
-1831	1.2372768215206733
-1830	1.2368610525975026
-1829	1.2377773331979431
-1828	1.2403247809583642
-1827	1.2420315980746683
-1826	1.2410094671804144
-1825	1.24093758896083
-1824	1.2413024465706812
-1823	1.2430354618957364
-1822	1.243129320300547
-1821	1.2381428716457392
-1820	1.2363427813243435
-1819	1.2372804356581835
-1818	1.237023410518246
-1817	1.2397436401376642
-1816	1.24046780434568
-1815	1.2418638838073575
-1814	1.2410283248168397
-1813	1.2409753204663714
-1812	1.2414851406342293
-1811	1.2450720094308916
-1810	1.2452817079742031
-1809	1.2468941880307762
-1808	1.2497050765467934
-1807	1.250073281449666
-1806	1.25055860230572
-1805	1.2510001533870476
-1804	1.2494834984417063
-1803	1.2500691694921877
-1802	1.2524793833778445
-1801	1.2537525303242916
-1800	1.2539313869872486
-1799	1.2519571419326536
-1798	1.2573249521085537
-1797	1.2610720727577747
-1796	1.2607992644530224
-1795	1.2607360352055137
-1794	1.2651081156569073
-1793	1.267508396512294
-1792	1.2707750157239925
-1791	1.2714234957374244
-1790	1.2724602539466328
-1789	1.272936835959853
-1788	1.2773572233875832
-1787	1.2752710375111984
-1786	1.2757344708056095
-1785	1.2785632171215542
-1784	1.2781947615096367
-1783	1.2837399978145778
-1782	1.281269637074875
-1781	1.279219580230763
-1780	1.278404283917034
-1779	1.2779911476146266
-1778	1.2783566271983475
-1777	1.2784617769131699
-1776	1.277537843593991
-1775	1.2744105759424618
-1774	1.2738681580108333
-1773	1.2790733439974995
-1772	1.2791537522641292
-1771	1.2817433761455208
-1770	1.2809342311238907
-1769	1.2806136539901596
-1768	1.2849293089580225
-1767	1.284649429281792
-1766	1.2860379644022528
-1765	1.2856867051492613
-1764	1.282998963382589
-1763	1.282996176364252
-1762	1.2854056707976094
-1761	1.2867911070226186
-1760	1.2854614303144345
-1759	1.2844996629170624
-1758	1.284379269434027
-1757	1.2856520119770225
-1756	1.2846703235822987
-1755	1.2827796556025624
-1754	1.2827639647695912
-1753	1.2826355522924877
-1752	1.282673142925204
-1751	1.2829723707493768
-1750	1.2817192268539146
-1749	1.284107707006984
-1748	1.2862795263483942
-1747	1.2879742883878897
-1746	1.2897892705572538
-1745	1.2884209446354684
-1744	1.2855578758884745
-1743	1.2862791094599837
-1742	1.2941903375298622
-1741	1.2932309840607594
-1740	1.2957031747632954
-1739	1.2933855697692158
-1738	1.2926084059982534
-1737	1.2937681121026057
-1736	1.2957149029496204
-1735	1.2913447447929038
-1734	1.2916239919701973
-1733	1.2919639139305277
-1732	1.2860231432225928
-1731	1.287526147754257
-1730	1.2891348845822863
-1729	1.2951931674557038
-1728	1.2937738375446524
-1727	1.2847389390235804
-1726	1.2850952528073007
-1725	1.284702340978755
-1724	1.2816480374090882
-1723	1.2818867365519206
-1722	1.2848999524062656
-1721	1.2879671659395397
-1720	1.2885889620950304
-1719	1.2888036253132733
-1718	1.2920941566173212
-1717	1.2946434716009592
-1716	1.296409293373366
-1715	1.2905913432499012
-1714	1.2925679078213421
-1713	1.287538769628748
-1712	1.285583567412862
-1711	1.283735525895314
-1710	1.2824014717316532
-1709	1.2829874826363292
-1708	1.2794007678183328
-1707	1.2797600128220388
-1706	1.2795376359264414
-1705	1.2782828510106807
-1704	1.272242847800135
-1703	1.2734486870617272
-1702	1.2701342585515305
-1701	1.2694709664996129
-1700	1.2685096616965221
-1699	1.2622027641468976
-1698	1.2601865099137088
-1697	1.2621307635911736
-1696	1.2638790650689697
-1695	1.2650133157859604
-1694	1.2686118111612807
-1693	1.2729181264673013
-1692	1.2722856938823999
-1691	1.2727603770897211
-1690	1.2721355909548968
-1689	1.2646433954691911
-1688	1.2691999323381837
-1687	1.2689105098820235
-1686	1.2713178835554895
-1685	1.266417629874674
-1684	1.2667109695558687
-1683	1.2652387925494746
-1682	1.2605909709126715
-1681	1.266651167403383
-1680	1.2632599131439823
-1679	1.2641579630264796
-1678	1.2631933058959892
-1677	1.2618743465936566
-1676	1.2615634126057587
-1675	1.2588703338520595
-1674	1.2567002523436126
-1673	1.2573597987283425
-1672	1.2607203216916587
-1671	1.2610259683331453
-1670	1.2618655828033465
-1669	1.2688161920995478
-1668	1.2681332972858206
-1667	1.2690292558741258
-1666	1.267671619022048
-1665	1.2720813033167258
-1664	1.2781931439182725
-1663	1.2855229620488893
-1662	1.2882809578908614
-1661	1.2928230125666502
-1660	1.2928930155214775
-1659	1.2957889343869973
-1658	1.3008572924508148
-1657	1.2963857770444878
-1656	1.3039875313879017
-1655	1.305277777005391
-1654	1.3066221824940667
-1653	1.307547089385699
-1652	1.3058492437633404
-1651	1.3142547990423608
-1650	1.313956523740507
-1649	1.312466294426157
-1648	1.312442987110002
-1647	1.3058525618150771
-1646	1.3048930222609914
-1645	1.3048680021191936
-1644	1.3067218672529042
-1643	1.306386853362542
-1642	1.3064697996739403
-1641	1.3016023123150608
-1640	1.301983307313967
-1639	1.3064809427951953
-1638	1.309724079512329
-1637	1.3030455145670707
-1636	1.300109790293986
-1635	1.3005374744310076
-1634	1.3015094180198679
-1633	1.300601907111854
-1632	1.3006535220412485
-1631	1.3027212714409853
-1630	1.301150305720278
-1629	1.2994848855483125
-1628	1.2985731747046292
-1627	1.3001132492335088
-1626	1.3033918506394788
-1625	1.3028151779155057
-1624	1.3033586777073431
-1623	1.3014461947268392
-1622	1.3071197492919533
-1621	1.3102777240176995
-1620	1.3096954921731747
-1619	1.30760550894681
-1618	1.307376383837447
-1617	1.3080483062798718
-1616	1.3082618801050396
-1615	1.3084729441916607
-1614	1.303980749683926
-1613	1.304041656145609
-1612	1.3087474662945213
-1611	1.3101768807534233
-1610	1.308868558823045
-1609	1.3087987157265584
-1608	1.3099813381411942
-1607	1.3074863442335742
-1606	1.3065213022461857
-1605	1.305350613724216
-1604	1.3017930316787407
-1603	1.3013190709383613
-1602	1.300849632655521
-1601	1.2984472527112587
-1600	1.2983526518665642
-1599	1.2988360946227508
-1598	1.2989118930296486
-1597	1.3008604044446266
-1596	1.2994378606478374
-1595	1.2985350470017478
-1594	1.296370026816326
-1593	1.2994965777908223
-1592	1.3043264150619507
-1591	1.3051962653945488
-1590	1.305664590144732
-1589	1.3013028441124173
-1588	1.300993266085305
-1587	1.2996809093812742
-1586	1.3033128914135288
-1585	1.309741540307022
-1584	1.3101302237665078
-1583	1.3064300743002728
-1582	1.3119851721966842
-1581	1.3156156501392404
-1580	1.31576788714941
-1579	1.3141434416174889
-1578	1.3165321641837258
-1577	1.3151154076702982
-1576	1.3140376382039853
-1575	1.318188147552042
-1574	1.3189604633738359
-1573	1.3216733979248259
-1572	1.318966376516654
-1571	1.3204869792897658
-1570	1.3155382597168166
-1569	1.3138932134567136
-1568	1.3183428832819784
-1567	1.316551176397257
-1566	1.3120082816311034
-1565	1.312386324277604
-1564	1.3134500597674683
-1563	1.3101409277972207
-1562	1.3091154816638992
-1561	1.3100883014889126
-1560	1.3086364068554708
-1559	1.311452838782984
-1558	1.3095854793387245
-1557	1.3057697920734623
-1556	1.3093714742999838
-1555	1.309622205442274
-1554	1.3086125395339296
-1553	1.308487228293675
-1552	1.3121107050767504
-1551	1.3114829478658228
-1550	1.3081900663150243
-1549	1.3095528337446203
-1548	1.3091212224035738
-1547	1.307772562214469
-1546	1.311754895927736
-1545	1.3116175280173261
-1544	1.311138453410871
-1543	1.3056377876235779
-1542	1.3041632142232125
-1541	1.3028911763286015
-1540	1.309213153150187
-1539	1.3108281928701813
-1538	1.311199409565533
-1537	1.3046286755566856
-1536	1.3060863854281275
-1535	1.3016085322108493
-1534	1.3045631837189557
-1533	1.3037893854485578
-1532	1.3006141583349211
-1531	1.2988422569934743
-1530	1.3028585577091898
-1529	1.3019971812600233
-1528	1.2992394773072626
-1527	1.299560528211146
-1526	1.3005461716298836
-1525	1.3009464602962315
-1524	1.3030511280559154
-1523	1.3023822631193214
-1522	1.3038625684248875
-1521	1.304247750724894
-1520	1.303354071146513
-1519	1.3014829315125462
-1518	1.3011947203143295
-1517	1.3012424917016403
-1516	1.3023405173067826
-1515	1.301116217496285
-1514	1.3012490395052605
-1513	1.3010321067848118
-1512	1.3014113753136383
-1511	1.3022541237404068
-1510	1.2978456738184254
-1509	1.2961305748207501
-1508	1.2908342504447483
-1507	1.2934947016847183
-1506	1.2937408440772549
-1505	1.29500405156768
-1504	1.301454143127404
-1503	1.3077030433528873
-1502	1.3088706441702374
-1501	1.3123099789711605
-1500	1.3081758126287335
-1499	1.3076962881672933
-1498	1.3060737724479543
-1497	1.3085697117938575
-1496	1.3077815690163868
-1495	1.3046393085375847
-1494	1.3083396288136162
-1493	1.3074230904799389
-1492	1.3063637144025788
-1491	1.2972154887954155
-1490	1.2959441914556016
-1489	1.2964733088890232
-1488	1.2920637724240382
-1487	1.2911864590333648
-1486	1.290897416706425
-1485	1.291415271405355
-1484	1.2905215006246864
-1483	1.2933946803631073
-1482	1.2953085686906753
-1481	1.2904317077533547
-1480	1.2881541662366993
-1479	1.2910721105744083
-1478	1.289039975294028
-1477	1.290473813856821
-1476	1.283672554381042
-1475	1.2796354079581647
-1474	1.2781734920320023
-1473	1.280286321798003
-1472	1.2808202167441807
-1471	1.2776898368744247
-1470	1.278476481322184
-1469	1.2784636609974396
-1468	1.2807025762805977
-1467	1.2789647225365341
-1466	1.27443081718013
-1465	1.272471928826896
-1464	1.272603050757005
-1463	1.2735083046328113
-1462	1.27427017893717
-1461	1.2732695287849052
-1460	1.2747968701742978
-1459	1.2737302150293048
-1458	1.273749972989102
-1457	1.2649992141782878
-1456	1.2644598923967665
-1455	1.261457390671813
-1454	1.2602609925824835
-1453	1.2634568775379393
-1452	1.264878725154273
-1451	1.2623160818449584
-1450	1.2622999907901369
-1449	1.2606480676291818
-1448	1.261674921892314
-1447	1.2634290192635305
-1446	1.2706782686557756
-1445	1.2695558722912668
-1444	1.2717217309437843
-1443	1.2702690101112706
-1442	1.278459134934298
-1441	1.2786544304281233
-1440	1.2771718603854318
-1439	1.2785363138754324
-1438	1.2795300375759961
-1437	1.2808943473655416
-1436	1.2851895068259722
-1435	1.2871587502444723
-1434	1.2913530263526134
-1433	1.293076518504136
-1432	1.2958166573989582
-1431	1.2950601475575123
-1430	1.2994119409531595
-1429	1.298810489490688
-1428	1.3068264570969894
-1427	1.3069854030258445
-1426	1.307811835100014
-1425	1.3070941530766498
-1424	1.309081715632634
-1423	1.3108514295554305
-1422	1.311680567102978
-1421	1.3102918684811717
-1420	1.310242381724847
-1419	1.3071382863364784
-1418	1.3077242238574238
-1417	1.304440501478901
-1416	1.3044225857948444
-1415	1.3090798225717613
-1414	1.3113114882006225
-1413	1.3140610673850082
-1412	1.3152277860715686
-1411	1.317927684769573
-1410	1.3168491486863918
-1409	1.3188587554158218
-1408	1.3213143662126907
-1407	1.3191904509552272
-1406	1.3253289518137295
-1405	1.3273421221349133
-1404	1.3298424443446968
-1403	1.3288639941847469
-1402	1.3249323061072682
-1401	1.3220223318261795
-1400	1.3199170321959208
-1399	1.3137408574915914
-1398	1.3132281963410506
-1397	1.313277561374637
-1396	1.3153946320619807
-1395	1.3128558059698008
-1394	1.3128083563413486
-1393	1.3135227308006412
-1392	1.3128473287874676
-1391	1.3161741349262646
-1390	1.319771449594014
-1389	1.3221214856339027
-1388	1.3185530722171188
-1387	1.3199629599161178
-1386	1.319350761417524
-1385	1.3213638980166023
-1384	1.3230719268396796
-1383	1.3236972703018701
-1382	1.328604417505214
-1381	1.3277558367250555
-1380	1.3260385832079802
-1379	1.328044568685942
-1378	1.3346300894940593
-1377	1.3344519209924592
-1376	1.3349021819745561
-1375	1.3306493133486035
-1374	1.3318997892330449
-1373	1.3364495704002888
-1372	1.3399124147377939
-1371	1.3428700597934335
-1370	1.336148450420384
-1369	1.3381612957885347
-1368	1.337070713911849
-1367	1.3375410436013018
-1366	1.3372731008697825
-1365	1.3382311403586802
-1364	1.342902182597652
-1363	1.3416174877524736
-1362	1.3430225710837118
-1361	1.3450655531676778
-1360	1.342887001478648
-1359	1.3475813479218857
-1358	1.350480011084592
-1357	1.3532840594065836
-1356	1.3542629250186873
-1355	1.3551353213852309
-1354	1.3560021288438615
-1353	1.35549568551701
-1352	1.3543793663876242
-1351	1.3539525819381317
-1350	1.3514355816934482
-1349	1.3535510883423458
-1348	1.355970033096621
-1347	1.3543115055944068
-1346	1.3553527383111328
-1345	1.3517354930560272
-1344	1.353214477738702
-1343	1.3546939735716006
-1342	1.3564470720114599
-1341	1.3528467324753124
-1340	1.351273327796574
-1339	1.3497077654373932
-1338	1.3478554052910412
-1337	1.349223687923158
-1336	1.3486630024695132
-1335	1.3504188440396006
-1334	1.3473923675431665
-1333	1.3499140898326794
-1332	1.3516970155648438
-1331	1.351620709740493
-1330	1.3512701230744522
-1329	1.353352725790088
-1328	1.3585681660198063
-1327	1.3605221956369866
-1326	1.3624585600771817
-1325	1.366299379160665
-1324	1.3689441798277289
-1323	1.3742609841591982
-1322	1.374059309734099
-1321	1.3744671200308576
-1320	1.3754218174107222
-1319	1.3757126324222868
-1318	1.377062140032649
-1317	1.3797555177371545
-1316	1.3809861398889238
-1315	1.3797554461786665
-1314	1.3794844082695055
-1313	1.3817880756434906
-1312	1.3816721261101195
-1311	1.385155717217659
-1310	1.3890911606869785
-1309	1.3914697421303235
-1308	1.3923057381018817
-1307	1.392619231828006
-1306	1.3899947843667733
-1305	1.3928307012082584
-1304	1.3974362945251435
-1303	1.4016116562198444
-1302	1.4043111267638015
-1301	1.4022101728642082
-1300	1.404392823382434
-1299	1.4034440435140008
-1298	1.3958619834039825
-1297	1.4012314948331879
-1296	1.402745639987619
-1295	1.404230867808004
-1294	1.4062935176219447
-1293	1.4061238306338888
-1292	1.408873566819063
-1291	1.4083945152974393
-1290	1.4085129074168852
-1289	1.4100184006668837
-1288	1.4123081458829732
-1287	1.4116147342605523
-1286	1.4166837377421349
-1285	1.4167609489541575
-1284	1.416454971562248
-1283	1.4187203522502299
-1282	1.4188176324912702
-1281	1.4230536455176321
-1280	1.4242233962912756
-1279	1.421705563870599
-1278	1.4234161868197732
-1277	1.4286242445863515
-1276	1.4365272857772418
-1275	1.4449296657773985
-1274	1.4474798221679697
-1273	1.4489778809204519
-1272	1.454247032318369
-1271	1.4546415108484196
-1270	1.4625825347550903
-1269	1.465557385639972
-1268	1.463758456636684
-1267	1.4640261771075098
-1266	1.4609474947818193
-1265	1.4640327292498216
-1264	1.4600463253576832
-1263	1.4590713856928799
-1262	1.4581419604355432
-1261	1.4624092808165345
-1260	1.4647249772501398
-1259	1.4677956713864722
-1258	1.474664564943876
-1257	1.4779856138185683
-1256	1.479749618651697
-1255	1.4800891110441652
-1254	1.479271626975163
-1253	1.479276296761201
-1252	1.4743450345867968
-1251	1.4724007967231145
-1250	1.4782207287683424
-1249	1.4804054160628572
-1248	1.4780358756596903
-1247	1.4782319690164434
-1246	1.4806178313825864
-1245	1.4827223667074518
-1244	1.4840469996792724
-1243	1.4842419485789704
-1242	1.4872463848067814
-1241	1.4895485585413304
-1240	1.495964822654863
-1239	1.4978600988635815
-1238	1.4990209478540832
-1237	1.5006938011471527
-1236	1.4998967138579093
-1235	1.504284558518524
-1234	1.5048357759299407
-1233	1.504378606733608
-1232	1.5057030478380171
-1231	1.5069031313914492
-1230	1.5072368758479993
-1229	1.509625319182035
-1228	1.5022168889881138
-1227	1.5034151163371092
-1226	1.5043259969123277
-1225	1.5045368045822802
-1224	1.5081653949172502
-1223	1.5080576973282789
-1222	1.512011160281109
-1221	1.5145702596275084
-1220	1.516035614408044
-1219	1.5167009090054706
-1218	1.5155011573918613
-1217	1.5216479133590157
-1216	1.5273998570759373
-1215	1.5288884575108448
-1214	1.5305968131944836
-1213	1.5322865196859023
-1212	1.5368745956480143
-1211	1.5447878296520696
-1210	1.5385945094936344
-1209	1.5444007454417557
-1208	1.5435205273719197
-1207	1.5421442653699573
-1206	1.5403114392395958
-1205	1.541703252877337
-1204	1.5434645397670896
-1203	1.541883299381558
-1202	1.5444229655117394
-1201	1.5461670330400208
-1200	1.5451558365235964
-1199	1.5476174280421442
-1198	1.5479900073783703
-1197	1.5555641412076702
-1196	1.557962050354744
-1195	1.5668252542405483
-1194	1.5655069775939228
-1193	1.569127441305353
-1192	1.569178050346523
-1191	1.5691970588721664
-1190	1.5776240140887867
-1189	1.5804932475179794
-1188	1.5821284531170585
-1187	1.57876537880864
-1186	1.5790574088483211
-1185	1.5827796482387557
-1184	1.5789139878199283
-1183	1.5811433836398834
-1182	1.5809902033682568
-1181	1.5846941460552344
-1180	1.5837468900998313
-1179	1.5808347170596502
-1178	1.5790269407088378
-1177	1.5794087186470687
-1176	1.5762405739236907
-1175	1.575302631822396
-1174	1.577765180007461
-1173	1.5804071947483413
-1172	1.5832289485747078
-1171	1.5818654119549507
-1170	1.587540790184315
-1169	1.5881095192728032
-1168	1.585776305387178
-1167	1.5877293965902672
-1166	1.589001388195528
-1165	1.5924327857493157
-1164	1.589932273085936
-1163	1.5884022043950587
-1162	1.5964977664341888
-1161	1.5958565827159876
-1160	1.598799061277006
-1159	1.5994810657089493
-1158	1.6028598679835537
-1157	1.6063246074839528
-1156	1.6085720071830902
-1155	1.6187177519781522
-1154	1.6135429283042988
-1153	1.6147963399867935
-1152	1.6119421313565419
-1151	1.6084361574631258
-1150	1.6126150919805209
-1149	1.612387295715122
-1148	1.617740552894861
-1147	1.6197569919563082
-1146	1.623526100510634
-1145	1.6268265724526232
-1144	1.6290746354928098
-1143	1.6328793788276403
-1142	1.6345771424786513
-1141	1.6400260804782072
-1140	1.638230976981511
-1139	1.6389389966341505
-1138	1.6385559233646076
-1137	1.6429195371437744
-1136	1.6433811480082183
-1135	1.6453896227879936
-1134	1.6460375150433746
-1133	1.6545636560393864
-1132	1.6527128466012249
-1131	1.658832885579292
-1130	1.6624231542718697
-1129	1.6643295400891918
-1128	1.6632715169804164
-1127	1.6640352087327275
-1126	1.665497971436824
-1125	1.6684918743539527
-1124	1.6691304879135875
-1123	1.6691669991396996
-1122	1.6699236692135113
-1121	1.670371751813405
-1120	1.6762177347388851
-1119	1.6707757612368668
-1118	1.6742290264691215
-1117	1.6732324323650585
-1116	1.681488519123041
-1115	1.6851665815226284
-1114	1.6878588616429084
-1113	1.686589771275779
-1112	1.6849673528628177
-1111	1.688478857622927
-1110	1.6927472921798985
-1109	1.6994689821628441
-1108	1.7003546517013186
-1107	1.6986607305226795
-1106	1.696695759017245
-1105	1.69858181595533
-1104	1.7007011177025766
-1103	1.7015654272044518
-1102	1.7041446611614353
-1101	1.7058516561416497
-1100	1.7107745309670765
-1099	1.7154912674223564
-1098	1.7167901595583164
-1097	1.717231588789737
-1096	1.723770582218127
-1095	1.7300247262534967
-1094	1.728130104708444
-1093	1.7365151441106237
-1092	1.7359053429635054
-1091	1.738011737387762
-1090	1.744863681083762
-1089	1.7441836550577459
-1088	1.7407695356995825
-1087	1.7445495060334604
-1086	1.74438900188599
-1085	1.7453678533749049
-1084	1.7489635891703716
-1083	1.7513386470725738
-1082	1.7549675128396496
-1081	1.7545117914945965
-1080	1.7595028968146407
-1079	1.7632840735216935
-1078	1.7608188951993922
-1077	1.7634152746254421
-1076	1.7615732733594127
-1075	1.7604595748670249
-1074	1.7569660575738753
-1073	1.7491484297716235
-1072	1.7475963222259379
-1071	1.7505560244796385
-1070	1.7614105295644227
-1069	1.7633698154166042
-1068	1.7646013270300556
-1067	1.7635553282607033
-1066	1.7661291326594402
-1065	1.7650171352258648
-1064	1.769253335175026
-1063	1.776528046687085
-1062	1.7773743781848366
-1061	1.784984016716181
-1060	1.7877489863315141
-1059	1.7907478907426078
-1058	1.7925655710245352
-1057	1.795221619906435
-1056	1.7933980655598354
-1055	1.7979353273279934
-1054	1.7959179830210037
-1053	1.7957657615702793
-1052	1.7984678315290485
-1051	1.7956791465511044
-1050	1.7922590664890876
-1049	1.7948550533009582
-1048	1.7968115608346271
-1047	1.7961993014671835
-1046	1.8007137171669778
-1045	1.8035063884000342
-1044	1.806055860713603
-1043	1.8107687878575789
-1042	1.816671566895572
-1041	1.8164275391812783
-1040	1.8184171382292926
-1039	1.814719457538372
-1038	1.8206876002431633
-1037	1.8255543775377743
-1036	1.830394475874173
-1035	1.8313906042271828
-1034	1.8287769740589532
-1033	1.8256170051508998
-1032	1.8275016338515833
-1031	1.82899837727737
-1030	1.8317551483964944
-1029	1.8367001114704882
-1028	1.8441691861888132
-1027	1.846460996240557
-1026	1.8535626083986467
-1025	1.8533475507559427
-1024	1.8610358588457347
-1023	1.8641792634225274
-1022	1.8669140886769715
-1021	1.8669237883828849
-1020	1.8674887216399352
-1019	1.8650868831942957
-1018	1.866604965928209
-1017	1.8688648831712673
-1016	1.8714528654114788
-1015	1.8772171283866388
-1014	1.8722231718730256
-1013	1.874680595263001
-1012	1.8798812499352129
-1011	1.8810064826295319
-1010	1.8850683643815507
-1009	1.889062612560619
-1008	1.8918550972000183
-1007	1.8906525658540816
-1006	1.8932130296965202
-1005	1.897548582883604
-1004	1.8988557981409462
-1003	1.8942135774407043
-1002	1.8985732557872932
-1001	1.9049049287989557
-1000	1.905744058577471
-999	1.9077089130654032
-998	1.9110143622346072
-997	1.9127482521351442
-996	1.9123333861684824
-995	1.911329372123961
-994	1.9106349975364394
-993	1.9120946039247464
-992	1.9135478028661037
-991	1.9104528241308338
-990	1.910573750135889
-989	1.9119811628507561
-988	1.909451906969509
-987	1.9102356459302117
-986	1.9105525135874268
-985	1.9140255020325443
-984	1.9145493022798294
-983	1.91407428303337
-982	1.9162341137248349
-981	1.9192125287475477
-980	1.9148638614614206
-979	1.9189147145438745
-978	1.9216631207106463
-977	1.9260654994567115
-976	1.9257350483138758
-975	1.924863546331185
-974	1.925613971457005
-973	1.9242328662335513
-972	1.9215517846276482
-971	1.9234788992767593
-970	1.9281735173669685
-969	1.932881180174559
-968	1.9303264164227438
-967	1.9317417934492052
-966	1.938537441276343
-965	1.9343202509000956
-964	1.9350121738576147
-963	1.934789164680015
-962	1.9337604052749982
-961	1.9363138951046999
-960	1.9377164324169538
-959	1.9424151182847929
-958	1.9470595786475153
-957	1.9467679559885258
-956	1.9469586316810314
-955	1.9510157361147873
-954	1.9527056030480259
-953	1.9620192683559943
-952	1.961371461004318
-951	1.9635412154203078
-950	1.9661515065091082
-949	1.9652153767391023
-948	1.9685627667973917
-947	1.9701072229783099
-946	1.9735934066560015
-945	1.9736945006442836
-944	1.9753608948824157
-943	1.9789712808607334
-942	1.9813622788462533
-941	1.980594065294687
-940	1.9786028160477978
-939	1.9826663589725892
-938	1.985032843665246
-937	1.9857684904746862
-936	1.9905840228704443
-935	1.9881549228700888
-934	1.9939325097948313
-933	1.9943274024455064
-932	1.9896643352526497
-931	1.9910151256195991
-930	1.9922046014313477
-929	1.9961640947464718
-928	1.9976953962017374
-927	1.994282822883931
-926	1.9962135931948222
-925	1.9887693501245904
-924	1.9918918696916605
-923	1.991995275701325
-922	1.9945376117500555
-921	2.00000935421142
-920	2.005436915836959
-919	2.011116592976523
-918	2.0149903715659216
-917	2.01091466726638
-916	2.011383010254028
-915	2.02000462285516
-914	2.024706060410922
-913	2.024117075318254
-912	2.021754111832823
-911	2.023117068414408
-910	2.025580528996376
-909	2.0264652722765764
-908	2.0331414726798434
-907	2.0362989735007884
-906	2.0378512922584653
-905	2.040792011165894
-904	2.0418460043558633
-903	2.046723696354582
-902	2.048602310387066
-901	2.04877749362953
-900	2.0489551932233043
-899	2.0513638872204414
-898	2.057057810139405
-897	2.055646258971119
-896	2.056013981673313
-895	2.056088977886072
-894	2.056590598884476
-893	2.0626127254965914
-892	2.062804429601115
-891	2.0669587642163876
-890	2.0642120611805272
-889	2.061289193011431
-888	2.0713862315358886
-887	2.0735244299603037
-886	2.0730919422783765
-885	2.075271719864693
-884	2.071977694934032
-883	2.0682445802617386
-882	2.0682932638140565
-881	2.073604642806283
-880	2.07199420609388
-879	2.0796056824126636
-878	2.0815201144530833
-877	2.0851215761543878
-876	2.087335473285562
-875	2.0914933574741266
-874	2.096889037870798
-873	2.104777128544139
-872	2.1052125822154273
-871	2.1106393483343973
-870	2.10270218463637
-869	2.104102574535702
-868	2.114545712621516
-867	2.118456281070788
-866	2.11951972212807
-865	2.1244164325940202
-864	2.1333781882492175
-863	2.136956385924036
-862	2.1359064140876973
-861	2.1487483289466804
-860	2.1498446265706814
-859	2.1451168036215518
-858	2.146601059784492
-857	2.1462043444345515
-856	2.1412063126852474
-855	2.143200376044854
-854	2.146298312481089
-853	2.1516131428350884
-852	2.1461765266446227
-851	2.1570276755046653
-850	2.160722519364582
-849	2.159056393803662
-848	2.160705062512114
-847	2.1618725013466604
-846	2.163633431124699
-845	2.1730318219741305
-844	2.1711209699601293
-843	2.1712730578315185
-842	2.179272189504471
-841	2.1835620928944715
-840	2.1796544639311404
-839	2.183842937316162
-838	2.1865227143972152
-837	2.1817536279559135
-836	2.185421149040681
-835	2.1834579942725507
-834	2.1892024473881864
-833	2.193813408713743
-832	2.195722958327357
-831	2.1962381056379003
-830	2.199053063681985
-829	2.2037393396802574
-828	2.2093154330434928
-827	2.213934934679344
-826	2.2237649728809616
-825	2.2298080643422034
-824	2.2365954233984273
-823	2.2404588380806056
-822	2.243684383857262
-821	2.244178219574941
-820	2.2453202267951635
-819	2.2460177103244514
-818	2.252393937097436
-817	2.2551215731250833
-816	2.2624238874224654
-815	2.264540013950692
-814	2.2677271641626295
-813	2.2755465538027777
-812	2.277523300315003
-811	2.280653377590948
-810	2.2841887069290063
-809	2.2887594882159465
-808	2.294963391677263
-807	2.3002426035358123
-806	2.300981188477223
-805	2.2960315609956723
-804	2.291610176491749
-803	2.2944310193200668
-802	2.286065406431575
-801	2.2839849162547585
-800	2.2853191256089262
-799	2.289185108063391
-798	2.291891745796584
-797	2.293224266726509
-796	2.296502512988137
-795	2.29540560133456
-794	2.298025169136773
-793	2.3067056931645036
-792	2.311837929319665
-791	2.3119014268628804
-790	2.319495720721512
-789	2.328733905820722
-788	2.3310595416355446
-787	2.328457400210232
-786	2.334333969758876
-785	2.3390002571210924
-784	2.3350000975795657
-783	2.342670511948057
-782	2.346201967769658
-781	2.3522298557077903
-780	2.350424448267583
-779	2.3584683036364344
-778	2.3579953970634433
-777	2.3712038316027106
-776	2.3746274255261004
-775	2.3812271006569925
-774	2.3864343905948613
-773	2.3888987446031775
-772	2.3889375276280096
-771	2.3955059382301496
-770	2.401916353046954
-769	2.413355381516029
-768	2.418331333020904
-767	2.4238279984822593
-766	2.424613593041478
-765	2.427711975824342
-764	2.428540917599656
-763	2.432407556655237
-762	2.431995066137139
-761	2.438303574209053
-760	2.4423718849294276
-759	2.4470945467656278
-758	2.4513305045709193
-757	2.4563728696311333
-756	2.457507329009264
-755	2.461507028320348
-754	2.4558272975381
-753	2.457058164945628
-752	2.4628852588539742
-751	2.4649451386003967
-750	2.4634104502652905
-749	2.459683390857884
-748	2.4606778653989356
-747	2.4655339141118238
-746	2.470666103244546
-745	2.476521463226901
-744	2.4806757299117295
-743	2.4854043932953274
-742	2.4908464789076383
-741	2.49308928148634
-740	2.490017993719762
-739	2.494786484944952
-738	2.4920768322176245
-737	2.492012710688284
-736	2.4964385231934396
-735	2.501358988399367
-734	2.5015087743405715
-733	2.4997824206723864
-732	2.503978257579916
-731	2.5002685842519425
-730	2.5002890636987356
-729	2.505135959111543
-728	2.5081680332231953
-727	2.5185661132496047
-726	2.5236869355940437
-725	2.5279214904161105
-724	2.5247500979502395
-723	2.5280455410345852
-722	2.528338006963153
-721	2.528514429784743
-720	2.5387031804082025
-719	2.5458323496307833
-718	2.55274164405124
-717	2.550134755678505
-716	2.5486524652570006
-715	2.5479694776326776
-714	2.5569202826025497
-713	2.5623412855777397
-712	2.5657228292470955
-711	2.5656107356958837
-710	2.562430794736049
-709	2.5689247388272998
-708	2.5694414971388846
-707	2.571797452298513
-706	2.5726849828139846
-705	2.5756310360379007
-704	2.5725945339474574
-703	2.5747953576136786
-702	2.5682736844512593
-701	2.570090367163281
-700	2.573378995689283
-699	2.5773589495255287
-698	2.5802957722281357
-697	2.5918356000584173
-696	2.5929495727935112
-695	2.6018239948075697
-694	2.5990125715029406
-693	2.5978084800158996
-692	2.5966266130273
-691	2.5893144681675726
-690	2.5966362909275484
-689	2.598094535475395
-688	2.600146558031021
-687	2.6051047812982735
-686	2.6057177298519028
-685	2.619033146844092
-684	2.6165248157763217
-683	2.616778330907345
-682	2.6236751588308307
-681	2.635431744577176
-680	2.630555136353675
-679	2.6387584566860554
-678	2.6417083463904607
-677	2.648907518178883
-676	2.6494886186871542
-675	2.6653217702101633
-674	2.6676441764750756
-673	2.6723959307339658
-672	2.67479125360199
-671	2.679073733206554
-670	2.6763138937647923
-669	2.676443084274011
-668	2.683322254845117
-667	2.6869833323895094
-666	2.696098410909674
-665	2.691160328641354
-664	2.7007769150248015
-663	2.7071951722733707
-662	2.7042836032089697
-661	2.709370275742438
-660	2.717930941075745
-659	2.7264756439964337
-658	2.7300083981265866
-657	2.7331796744352124
-656	2.7362940214559375
-655	2.7408481464762406
-654	2.7542975946707298
-653	2.7594734738285402
-652	2.7678046662689573
-651	2.77873354766473
-650	2.7804696173238828
-649	2.783789856643622
-648	2.7833954341724576
-647	2.7888027200004064
-646	2.7887480729914094
-645	2.787451027387596
-644	2.7973024637838564
-643	2.8092777174055934
-642	2.809617308181632
-641	2.8107965849863596
-640	2.8104484539598706
-639	2.814210936703895
-638	2.819123280088765
-637	2.82157624262314
-636	2.826034804978165
-635	2.8237956114951146
-634	2.8290557674390366
-633	2.8224182946824405
-632	2.832976707029175
-631	2.8323291894497284
-630	2.8356630336343644
-629	2.84086245780878
-628	2.836816951146267
-627	2.841249424851982
-626	2.8423202146502984
-625	2.8496480155885817
-624	2.850578541302657
-623	2.860432144269407
-622	2.8674114120293814
-621	2.8647172639527954
-620	2.8633990240204765
-619	2.8609534521179505
-618	2.867889965222363
-617	2.8745634500236514
-616	2.879093422984562
-615	2.885006075350934
-614	2.8896233305768915
-613	2.8919264999962597
-612	2.894346559913941
-611	2.8956658336966035
-610	2.9004536001273546
-609	2.9036062699275083
-608	2.8991455913457767
-607	2.916871013037531
-606	2.9237206573691594
-605	2.9258694860814924
-604	2.929854718990714
-603	2.9389098780192286
-602	2.9401361411774016
-601	2.9406350455190764
-600	2.9432370832571424
-599	2.9454549294802916
-598	2.9509169226250496
-597	2.959748534979411
-596	2.9698353238089616
-595	2.973933928762095
-594	2.9794280794879278
-593	2.981173695801911
-592	2.989233261632572
-591	2.99242326097346
-590	2.991811557010893
-589	2.9931296651741586
-588	2.997526604517636
-587	2.9891109660596973
-586	2.989502686924903
-585	3.001467294953614
-584	3.005199828106596
-583	3.0105293983047505
-582	3.018291815187797
-581	3.021567351951537
-580	3.023579483230909
-579	3.0300813132530475
-578	3.0349836595595843
-577	3.03382971776597
-576	3.032667468709639
-575	3.045360223730525
-574	3.0475482872900472
-573	3.0568233964044644
-572	3.062362450433065
-571	3.070714957862494
-570	3.076193085725767
-569	3.083196159930952
-568	3.083545970779107
-567	3.085591460462196
-566	3.086280433064603
-565	3.0911207389699884
-564	3.0894327927006775
-563	3.0936819797000252
-562	3.1021511778983486
-561	3.1075630723293046
-560	3.1019317081205577
-559	3.1104563764674236
-558	3.114134938916169
-557	3.1182134834204214
-556	3.118340949584023
-555	3.130527556413807
-554	3.139977177619994
-553	3.134848086612232
-552	3.144002142904633
-551	3.1474223687766067
-550	3.14874156875663
-549	3.1646420305602283
-548	3.159972926654131
-547	3.161943914727813
-546	3.165906294843698
-545	3.172260593301261
-544	3.175904767617703
-543	3.181871045208779
-542	3.186803321260585
-541	3.1889068230717297
-540	3.197858096590363
-539	3.2067067575038797
-538	3.2059246776588113
-537	3.2071026016296034
-536	3.219103035842439
-535	3.2239589455975106
-534	3.2319727368114224
-533	3.239926665348102
-532	3.2428428151730793
-531	3.248103985271181
-530	3.2514726287838687
-529	3.2595627189849514
-528	3.264251089105046
-527	3.267101438469197
-526	3.275600404676843
-525	3.2729445306816136
-524	3.2740263768871984
-523	3.282364166981305
-522	3.279919855984818
-521	3.2852952611224957
-520	3.296350641886752
-519	3.312672015638596
-518	3.31239057715279
-517	3.3151844778363726
-516	3.323469664707002
-515	3.3239809972753966
-514	3.326206704564243
-513	3.3378003035713153
-512	3.3453303538562063
-511	3.3468764623604623
-510	3.35269890418164
-509	3.358054568661923
-508	3.352770789777
-507	3.3522805067370216
-506	3.3669947014605426
-505	3.378841889491043
-504	3.388070996790885
-503	3.3953253501375396
-502	3.396033465959521
-501	3.4029673959640974
-500	3.40420046395596
-499	3.4093109106562705
-498	3.4122521598864513
-497	3.4174659832429337
-496	3.4245488216733957
-495	3.4326492344294808
-494	3.4327548563884323
-493	3.436076316630924
-492	3.4332563538538166
-491	3.4421407476247077
-490	3.4434788961965874
-489	3.454608345920422
-488	3.4616046326766052
-487	3.464613713189421
-486	3.472245774250552
-485	3.488723776142401
-484	3.501658237168947
-483	3.5160366343147307
-482	3.5280651739802225
-481	3.537900312440881
-480	3.5492297196573763
-479	3.5599489295144515
-478	3.5662138953909697
-477	3.5751625477414892
-476	3.587811855344947
-475	3.5940959298960773
-474	3.5970159870419036
-473	3.600392043343689
-472	3.5968808963460974
-471	3.6042084656132154
-470	3.6105408016741873
-469	3.6124712036451303
-468	3.6190879329455545
-467	3.622242169679109
-466	3.6272006012559177
-465	3.631222151997817
-464	3.646676271465648
-463	3.650050576447124
-462	3.649616359093462
-461	3.6564355464914
-460	3.6531008027613643
-459	3.6533079599610057
-458	3.659163661735005
-457	3.6687471662539557
-456	3.664782698284909
-455	3.659154552487604
-454	3.657461803556087
-453	3.6690818640033163
-452	3.6727663111764506
-451	3.676376590752099
-450	3.6760261445998186
-449	3.6912524265622397
-448	3.691228557609949
-447	3.699679399073782
-446	3.7031341756817446
-445	3.7062468082984408
-444	3.716342050754222
-443	3.7285558164463826
-442	3.738389763225573
-441	3.7499864092358504
-440	3.761971670677923
-439	3.771150020904929
-438	3.769066930430601
-437	3.7705095475651773
-436	3.7788725261647538
-435	3.786760463338181
-434	3.783445659740622
-433	3.785846238327493
-432	3.7909993392576173
-431	3.7962490480438054
-430	3.796610061139108
-429	3.8081937248044344
-428	3.8118092155674974
-427	3.804611366743364
-426	3.8109833309913137
-425	3.802904796326555
-424	3.820473125847767
-423	3.828226328846142
-422	3.83922528922109
-421	3.844545485990414
-420	3.8521235449740807
-419	3.8584157563895585
-418	3.8490007173299907
-417	3.8606518007680237
-416	3.8679932707389555
-415	3.867897086630923
-414	3.8697299197181523
-413	3.8765766164400133
-412	3.8854614899504973
-411	3.8892341295937936
-410	3.899117670422158
-409	3.90434841351606
-408	3.911706863883808
-407	3.9149522542893647
-406	3.9019296921894373
-405	3.889479411466713
-404	3.8916059127488887
-403	3.893893647183436
-402	3.895250547310734
-401	3.896493462725995
-400	3.9048986114546596
-399	3.9039278498600165
-398	3.9088429838314234
-397	3.9093594948076698
-396	3.91764916858849
-395	3.9225714817927426
-394	3.917983217164874
-393	3.9230660187327357
-392	3.9243961311577555
-391	3.9275901643970763
-390	3.9273190645493536
-389	3.9257335681617858
-388	3.920526773792254
-387	3.9133498814091623
-386	3.9189319797009827
-385	3.935291629606282
-384	3.932922854742791
-383	3.9393970896695634
-382	3.9568513441217474
-381	3.9695095664795383
-380	3.9744587348377607
-379	3.980762642849401
-378	3.9881211407482624
-377	3.9876413615831887
-376	3.998211950751912
-375	3.9941666551442987
-374	3.9999892654637974
-373	3.999075742236462
-372	4.00458588361381
-371	4.017355801919138
-370	4.021388108067843
-369	4.024989973798574
-368	4.02506054870515
-367	4.021576547329445
-366	4.0248657822100276
-365	4.033555763104115
-364	4.037940636636263
-363	4.037324695851669
-362	4.038307877728738
-361	4.046356095322763
-360	4.0561274921738475
-359	4.072135163149441
-358	4.079753690500216
-357	4.07979041547421
-356	4.080495978110885
-355	4.088036472853049
-354	4.099651079624891
-353	4.109570206662857
-352	4.1118332093289816
-351	4.10163138182946
-350	4.105160544540389
-349	4.124678653511537
-348	4.130561553959147
-347	4.135553688723519
-346	4.140527790988306
-345	4.142870083346544
-344	4.137582121544095
-343	4.132783718541803
-342	4.143939137787943
-341	4.150137814023648
-340	4.151439485974221
-339	4.157422870128269
-338	4.157965116965842
-337	4.158859234497729
-336	4.1696341096397385
-335	4.175286199306568
-334	4.179200336120155
-333	4.190334389861449
-332	4.189224316996623
-331	4.1823858927830635
-330	4.191057263383545
-329	4.181280434513128
-328	4.183523944470598
-327	4.185775311199956
-326	4.180454302451996
-325	4.195433932173264
-324	4.19075580361677
-323	4.204893247639558
-322	4.2090907538661275
-321	4.21260033112513
-320	4.2167475299842385
-319	4.217232419963342
-318	4.216334552754719
-317	4.224513474088836
-316	4.222256793928553
-315	4.231900945118812
-314	4.22105010272
-313	4.215758441823972
-312	4.226456604022757
-311	4.231595319826679
-310	4.234784426743606
-309	4.236984544407472
-308	4.227135217670037
-307	4.236100026978606
-306	4.24282642589306
-305	4.249241097661924
-304	4.250118399001509
-303	4.251182736432456
-302	4.257832028689873
-301	4.251946189676422
-300	4.257893516955127
-299	4.256599975622682
-298	4.264056623535582
-297	4.267796980164736
-296	4.271851821133051
-295	4.2806374333484705
-294	4.281562574813703
-293	4.276448346756728
-292	4.284855482606105
-291	4.287508657456462
-290	4.29102424308508
-289	4.296918135263534
-288	4.295607359144822
-287	4.294453098068395
-286	4.293026067481104
-285	4.291198875755072
-284	4.281909730090913
-283	4.289711655068948
-282	4.293993946187288
-281	4.298901032708795
-280	4.302867121119276
-279	4.312401273433703
-278	4.308145378323563
-277	4.307076789633218
-276	4.301548233367951
-275	4.299687904122484
-274	4.303584745310875
-273	4.312975484982552
-272	4.30786337057151
-271	4.313509932782756
-270	4.307135636503079
-269	4.304103089631142
-268	4.294464499917794
-267	4.2889593982747405
-266	4.286186391532601
-265	4.279348678310892
-264	4.289134679855891
-263	4.291303103669999
-262	4.297275026616861
-261	4.30122035890668
-260	4.298858002097492
-259	4.295264160372765
-258	4.2969910675682215
-257	4.292161006974169
-256	4.289351637419089
-255	4.30081855134672
-254	4.306735279868884
-253	4.3064174690549395
-252	4.308776667079773
-251	4.319496297558029
-250	4.320977033695662
-249	4.319301124168447
-248	4.315609958845688
-247	4.309612089685767
-246	4.303700046561449
-245	4.311698184000799
-244	4.315746101778913
-243	4.3154678055679945
-242	4.317046003154363
-241	4.317702651966408
-240	4.3159860016770635
-239	4.305482323240324
-238	4.296657572863212
-237	4.295142292048797
-236	4.292771559941721
-235	4.287677540806642
-234	4.281979516896618
-233	4.284736260367804
-232	4.284494814900569
-231	4.283159972426582
-230	4.279075757095433
-229	4.272441701380065
-228	4.259336472402914
-227	4.262930263881104
-226	4.257806090810093
-225	4.258916527631293
-224	4.263504825263138
-223	4.262636433613587
-222	4.265102430115862
-221	4.263262984234406
-220	4.267408554707785
-219	4.266140396501046
-218	4.268942980342601
-217	4.2659194335102075
-216	4.269673427065692
-215	4.26711552875887
-214	4.270708763351043
-213	4.27775062325908
-212	4.271705962463196
-211	4.26748173568682
-210	4.265966138447145
-209	4.256963935302922
-208	4.258600533719223
-207	4.264299259809066
-206	4.261849081068932
-205	4.25535690094004
-204	4.263573979899048
-203	4.25012916702044
-202	4.250648977032986
-201	4.253191575752085
-200	4.259613092749353
-199	4.261798861784389
-198	4.262772700064872
-197	4.2642628394486195
-196	4.2689338191805115
-195	4.26992165152148
-194	4.269650407576837
-193	4.260874608052842
-192	4.262891243956235
-191	4.259028903997866
-190	4.266000391571337
-189	4.268760551283338
-188	4.263871949517643
-187	4.268363697633865
-186	4.260217445794059
-185	4.261599989114217
-184	4.268097974143054
-183	4.269024338446049
-182	4.269461925751174
-181	4.262208461365008
-180	4.2589392457606206
-179	4.264265840977849
-178	4.270634338042762
-177	4.259009845315452
-176	4.256198091888763
-175	4.258138881809262
-174	4.255445213816372
-173	4.251221876905625
-172	4.2503578981167704
-171	4.24776557203098
-170	4.24077846658936
-169	4.239689644635561
-168	4.230073119457587
-167	4.232786399712524
-166	4.2344942952554865
-165	4.22321662565611
-164	4.214995395571711
-163	4.212055143238191
-162	4.214651438007393
-161	4.210296877701
-160	4.211133034638014
-159	4.204365114011917
-158	4.203347505335827
-157	4.2095559142589805
-156	4.215313165123204
-155	4.207839130098561
-154	4.199970617351762
-153	4.200054548336679
-152	4.1878309737307475
-151	4.195736785146247
-150	4.200289487382435
-149	4.201322180551877
-148	4.193086419426593
-147	4.19236656162424
-146	4.188718566237145
-145	4.195422582994084
-144	4.193106273922276
-143	4.198807654827534
-142	4.190926973966051
-141	4.191032604841762
-140	4.184163711538695
-139	4.182617775527349
-138	4.186247428991349
-137	4.188570818089577
-136	4.189950495599264
-135	4.1934136916625215
-134	4.191980123130912
-133	4.1862476413179355
-132	4.1853280036025735
-131	4.182210246198268
-130	4.178846076048582
-129	4.178644700230185
-128	4.177397255998957
-127	4.179866723910752
-126	4.188376190776686
-125	4.18412326093778
-124	4.193981371805012
-123	4.201223273204273
-122	4.205364849493207
-121	4.2086543189473895
-120	4.207553102803159
-119	4.206378122844011
-118	4.205118263417099
-117	4.211860637363779
-116	4.207945104583679
-115	4.217328163873718
-114	4.230270696467305
-113	4.235866284798307
-112	4.237049729133167
-111	4.231332999134219
-110	4.2367274841465745
-109	4.249843628792818
-108	4.251848041495106
-107	4.257958627264782
-106	4.258505414587906
-105	4.2551409114660865
-104	4.259561221889523
-103	4.269651115352071
-102	4.269372653822044
-101	4.263925766273136
-100	4.2720395109605
-99	4.269820544651773
-98	4.270735062890682
-97	4.27395745250864
-96	4.286531346816435
-95	4.287937774019967
-94	4.284798861290496
-93	4.2898119660431
-92	4.304966579180166
-91	4.306707498389315
-90	4.314263062200034
-89	4.328298854622915
-88	4.336881407817085
-87	4.349297960531939
-86	4.354065846898649
-85	4.3456095363047105
-84	4.350055536644226
-83	4.3501341738719415
-82	4.363648774072408
-81	4.373663650481516
-80	4.376374519665736
-79	4.388018493514403
-78	4.390178508166389
-77	4.397549343134565
-76	4.401363252239474
-75	4.414498976936721
-74	4.422651669489272
-73	4.420408796130055
-72	4.431783520822305
-71	4.440039845340582
-70	4.444496005519207
-69	4.449617018047944
-68	4.458533579386382
-67	4.467669010222197
-66	4.4716568885438415
-65	4.484214607237214
-64	4.477178864734599
-63	4.498546637385246
-62	4.507635686217422
-61	4.514429256993245
-60	4.533536165399125
-59	4.539204734575796
-58	4.5525559594099185
-57	4.567905677706901
-56	4.5818067256540775
-55	4.6031172675824905
-54	4.6158387896990085
-53	4.624254089933502
-52	4.639259520521664
-51	4.647549817031885
-50	4.658031085363952
-49	4.669622367494796
-48	4.678623568251669
-47	4.682884779351064
-46	4.686138132385102
-45	4.705528529675071
-44	4.725631582546964
-43	4.742526097081033
-42	4.761568944003567
-41	4.773315901303268
-40	4.791592924739701
-39	4.806747898511798
-38	4.81796909121415
-37	4.826419371819819
-36	4.846120669592516
-35	4.861824652299764
-34	4.87902475231473
-33	4.892039057218945
-32	4.913041705961328
-31	4.9327103786739
-30	4.9601141197913625
-29	4.981963698075239
-28	5.000523255651735
-27	5.018958844700791
-26	5.025671501438242
-25	5.044226547792913
-24	5.070301231527963
-23	5.093685455373432
-22	5.105573045082361
-21	5.12293856795952
-20	5.144709398573541
-19	5.158797320988343
-18	5.168818910093791
-17	5.181692208077415
-16	5.194478684385498
-15	5.208777430082062
-14	5.2226957886304
-13	5.240002080289475
-12	5.258394465224451
-11	5.2801060207846415
-10	5.296679355084417
-9	5.30435282563469
-8	5.332633167984016
-7	5.344105169521159
-6	5.366560147020472
-5	5.396183562401427
-4	5.423858115262536
-3	5.438579860491207
-2	5.454096954405667
-1	5.474549743919129
0	5.508014059270242
1	5.529539658946086
2	5.548037139257513
3	5.56848164697189
4	5.587062652615539
5	5.6131162893879845
6	5.623993000008136
7	5.640060958209406
8	5.658750492376257
9	5.671882366170606
10	5.682368123642053
11	5.699433526749831
12	5.709333310734077
13	5.754532928761828
14	5.76470105655222
15	5.7898024655579325
16	5.812135105960101
17	5.825988391391843
18	5.8451690666198015
19	5.868990129016968
20	5.882198815394836
21	5.892303134049158
22	5.9097318134483805
23	5.930588935086706
24	5.955443849727272
25	5.963305752021242
26	5.970397294764538
27	5.981785062760354
28	6.0118350079170915
29	6.025507597110597
30	6.049888237921828
31	6.060246014301796
32	6.07070554285703
33	6.094020745197094
34	6.123914441280815
35	6.14303782923394
36	6.151351795468225
37	6.166148427888811
38	6.193167461882753
39	6.225175659101172
40	6.248124963757264
41	6.264111254468979
42	6.29633773065894
43	6.3167724921611175
44	6.345699906977544
45	6.351568963722771
46	6.36517342721602
47	6.387316384812794
48	6.396990077128731
49	6.4241615414739135
50	6.433486122428533
51	6.433667657530331
52	6.461381159214131
53	6.481676567480506
54	6.486229040117627
55	6.499849872461644
56	6.517691172434982
57	6.54123548843176
58	6.572779743786318
59	6.589629452690542
60	6.604796853933827
61	6.608645188491268
62	6.619029693178324
63	6.62916868617646
64	6.638867455994688
65	6.666612117771942
66	6.695427741354189
67	6.710403782079917
68	6.728601313147499
69	6.734897028482762
70	6.74362152589702
71	6.765991890279344
72	6.797032492130576
73	6.811255617613295
74	6.818320077084693
75	6.818653423271804
76	6.82977656186016
77	6.844382783996473
78	6.856724048033357
79	6.8686128296780895
80	6.8905674279050295
81	6.896097962104951
82	6.9124913502140455
83	6.91710548092383
84	6.932829698046527
85	6.941742376271022
86	6.952231159082139
87	6.9720412053197744
88	6.983864062761207
89	7.005645449725859
90	7.012860578855118
91	7.019963875008994
92	7.0386627380956845
93	7.0512229829398265
94	7.0605943629510675
95	7.060808607238723
96	7.071750827687213
97	7.085013409410735
98	7.095573969708988
99	7.110170202157703
100	7.118214055252482
101	7.132570489522922
102	7.128543652474401
103	7.131182439550458
104	7.140132994387284
105	7.141190570984858
106	7.1422087357016695
107	7.155429423034909
108	7.16056049559789
109	7.171186517213423
110	7.186096731491058
111	7.1958475591293185
112	7.1934289974066985
113	7.195545574710012
114	7.2026515539855245
115	7.215861554044378
116	7.231814355832566
117	7.240455215063739
118	7.248719744878002
119	7.255955832565285
120	7.273034856830495
121	7.27697887781813
122	7.264771131462003
123	7.269901219463671
124	7.28957396079169
125	7.302692158521718
126	7.304858937552835
127	7.300706015047
128	7.288800336001628
129	7.289670499079079
130	7.305185306226334
131	7.3019467441656865
132	7.3119027085048725
133	7.330886038992719
134	7.339339511080021
135	7.363123712582461
136	7.370646395739243
137	7.3745050289514795
138	7.373633208980103
139	7.37502087396102
140	7.374752710659401
141	7.377875071325635
142	7.386121938917711
143	7.403193467494893
144	7.409527274866001
145	7.413241376442064
146	7.415914628602355
147	7.414456759044624
148	7.399896854041032
149	7.39325566957125
150	7.378318985056387
151	7.370215050614323
152	7.369636039604923
153	7.380655642202401
154	7.385531976557221
155	7.371365029836096
156	7.372755065343406
157	7.377219066180917
158	7.3649526507814365
159	7.361299159588763
160	7.359582580513804
161	7.356464270981081
162	7.331432442648344
163	7.33138381035991
164	7.326958144659618
165	7.318647527506194
166	7.315743505535834
167	7.317496441349567
168	7.311312104601518
169	7.307503906411519
170	7.3094527256566595
171	7.299546967967447
172	7.31461610544817
173	7.301628065501231
174	7.302163175670018
175	7.314385154310719
176	7.312762376534412
177	7.301072968035398
178	7.295588323038565
179	7.298061130403814
180	7.302968955609992
181	7.293723997903098
182	7.293979702322897
183	7.299371145673126
184	7.3032995043733875
185	7.29900305814682
186	7.294829180224772
187	7.288983122883252
188	7.2776245339941905
189	7.267390746585876
190	7.267227910780703
191	7.264605822221163
192	7.259155151879333
193	7.256059768261859
194	7.2437005706176345
195	7.2382009978290185
196	7.2369213304501105
197	7.218949644702924
198	7.2126518160433895
199	7.1917783937241175
200	7.179059715859263
201	7.153672129521707
202	7.146021954221538
203	7.137814293970844
204	7.138549838828514
205	7.114292643971771
206	7.096538141212729
207	7.093215289888492
208	7.097994038483584
209	7.074245846878932
210	7.072251285759201
211	7.073668952283251
212	7.064066489320623
213	7.048034461978149
214	7.037924435116859
215	7.038167854037929
216	7.039316199936841
217	7.045288458429128
218	7.0335499230757295
219	7.027733159876133
220	7.0386168624023835
221	7.024216148418835
222	7.017026453065765
223	7.01637116832337
224	7.006726831040648
225	7.0033681430446215
226	6.99458041005435
227	6.980455710115024
228	6.972325634084133
229	6.954820132780686
230	6.946764415818225
231	6.935082407533584
232	6.9240222601033
233	6.907292249833185
234	6.903628259141701
235	6.896205412912141
236	6.890492501709775
237	6.88341154583756
238	6.878092527636383
239	6.87016428078723
240	6.853809839847636
241	6.852643741309703
242	6.852347034669245
243	6.832075590970945
244	6.816556918835006
245	6.796700497146651
246	6.789839447150568
247	6.792811864912211
248	6.793458578719133
249	6.790921920222272
250	6.791816105684602
251	6.78816880228888
252	6.759872478137473
253	6.739181857144677
254	6.734986963304111
255	6.723935660281514
256	6.728523822291848
257	6.712843586589737
258	6.6951808221713005
259	6.688525232991361
260	6.685258444914797
261	6.671177967013904
262	6.659014736268535
263	6.640865403687559
264	6.639195217979122
265	6.6237018407887245
266	6.623221009595686
267	6.6081325731363645
268	6.603280197769164
269	6.579061770879002
270	6.571273102937453
271	6.554276571650223
272	6.550838744664288
273	6.536153975305667
274	6.523376990393941
275	6.514728120980732
276	6.508782202909031
277	6.497235176359195
278	6.501442324624483
279	6.496442936136421
280	6.501997416502381
281	6.497053267920472
282	6.495970635229804
283	6.493026815317422
284	6.48925684300442
285	6.463111262409443
286	6.465345348205313
287	6.465406192309526
288	6.468117578665774
289	6.463664606916737
290	6.460099302082655
291	6.437264199477123
292	6.420925140620236
293	6.42350022376601
294	6.42212590289463
295	6.415925714759583
296	6.410180898675
297	6.399375549461468
298	6.408093878154055
299	6.391261509039914
300	6.37388839035568
301	6.371714880443122
302	6.368754830458258
303	6.361614646300314
304	6.350782130728943
305	6.338601031703463
306	6.341021612593268
307	6.338529788174603
308	6.330540989035644
309	6.323017923131466
310	6.318057849090621
311	6.329162362626339
312	6.322184469363836
313	6.323110515969884
314	6.305958470112707
315	6.306565021333027
316	6.295522705072081
317	6.302824808022823
318	6.2984972900101335
319	6.290900495868311
320	6.284526515310727
321	6.269379521125411
322	6.261333810763965
323	6.24913868868357
324	6.244286552318428
325	6.228627072677136
326	6.219846412457197
327	6.222237996704667
328	6.21341657836035
329	6.203965453932204
330	6.196905913923579
331	6.198728225264983
332	6.198461946616152
333	6.191411455517193
334	6.182100636697558
335	6.177556033923205
336	6.1809452838118535
337	6.164678929755127
338	6.149989790810519
339	6.157708998230926
340	6.142156382566355
341	6.1415308570137706
342	6.143579787563488
343	6.144933293165871
344	6.1366186856131355
345	6.124389940379075
346	6.11812579357271
347	6.106047371028358
348	6.097156395148262
349	6.082865193673226
350	6.07943623553378
351	6.067157779966133
352	6.0583062597277415
353	6.043477534454869
354	6.036330543563189
355	6.0447378383582855
356	6.05125752302358
357	6.046647402027764
358	6.03619237375786
359	6.025748089958267
360	6.025894313138053
361	6.022130549687099
362	6.0158340586611185
363	6.017527152698143
364	6.021830158607369
365	6.00992636266632
366	6.008511329922511
367	6.025606316398365
368	6.011297273430898
369	6.00573839550187
370	5.986735125479988
371	5.972180048123481
372	5.960884377726889
373	5.958902112593552
374	5.946419924415319
375	5.94188544316494
376	5.937229280505913
377	5.931624468655352
378	5.915317830962529
379	5.908797687054219
380	5.9106725602219985
381	5.906175948238097
382	5.890360610918647
383	5.882739606219901
384	5.876199155649447
385	5.872209878488777
386	5.868390693624755
387	5.862412284992366
388	5.852716072361512
389	5.830453993722677
390	5.825556284250564
391	5.824793341102071
392	5.815754076480926
393	5.812113969463361
394	5.802197304984412
395	5.798235775611127
396	5.783605769979786
397	5.777055363967476
398	5.7713092086185895
399	5.756987096749276
400	5.757823775974981
401	5.745993681072471
402	5.7393626876803765
403	5.727153303348516
404	5.72573177122986
405	5.709082744230169
406	5.701664612288156
407	5.704040497489064
408	5.691067462951604
409	5.685308756755598
410	5.675489975543446
411	5.671366297718452
412	5.663755113692827
413	5.664121413723113
414	5.675988974767816
415	5.656805905928633
416	5.639177473501329
417	5.636760631950206
418	5.624415262972555
419	5.6087864270157
420	5.588298989055925
421	5.582205590032729
422	5.576362497423847
423	5.571985230470697
424	5.56203599847913
425	5.545071450305213
426	5.531062617157418
427	5.527579488337459
428	5.509568221769838
429	5.4952162167648355
430	5.480994712808226
431	5.462494366207575
432	5.454205337066547
433	5.4270759459854245
434	5.425338595768953
435	5.424375110025327
436	5.422683198700648
437	5.412038748889383
438	5.4023908492865935
439	5.399186100698559
440	5.394540899983013
441	5.393474671989679
442	5.402198496921714
443	5.405910718677394
444	5.403085839616725
445	5.400576853982535
446	5.379440092433049
447	5.3589915790366955
448	5.342650094791409
449	5.32442710425211
450	5.3010135003436645
451	5.298265131354991
452	5.305082339696197
453	5.295698306968354
454	5.273149001348509
455	5.249431380298901
456	5.24051169799753
457	5.248295122854801
458	5.236424132867391
459	5.223480987949783
460	5.216307735796195
461	5.206756126853716
462	5.196012873771081
463	5.190396898990893
464	5.184011552183623
465	5.1639945377188035
466	5.155984229890697
467	5.1432774957179666
468	5.140668857745437
469	5.118803723980804
470	5.117157699300881
471	5.105233862061039
472	5.092063605104644
473	5.072599683128986
474	5.0691782027094
475	5.053376502488332
476	5.040541010890081
477	5.035965994127603
478	5.022200494121955
479	5.026664293763868
480	5.020456697500075
481	5.012870782305558
482	5.007751883198339
483	4.996127202037169
484	4.985776567128468
485	4.9794240768280735
486	4.962913039174065
487	4.951593788340688
488	4.939198835405061
489	4.92501333673825
490	4.926757948929406
491	4.915681839999126
492	4.907208772091921
493	4.897731697426204
494	4.892338509959389
495	4.886815580064393
496	4.885739773534328
497	4.871387351483825
498	4.861064382585655
499	4.849590295656438
500	4.8390673618449505
501	4.820813428999549
502	4.8102507660292595
503	4.792019779199218
504	4.781933709081397
505	4.768249925211012
506	4.756502290708892
507	4.7510667798449715
508	4.754971141818477
509	4.746187063188378
510	4.737799767262665
511	4.735821529063415
512	4.724583640328073
513	4.718245201553386
514	4.705132877663615
515	4.701686987967555
516	4.688975435775148
517	4.684472349513487
518	4.682574679364402
519	4.672315765927774
520	4.650797887185371
521	4.638342890424662
522	4.619037567252615
523	4.603944597803205
524	4.597341010040308
525	4.591582387581049
526	4.583564481791483
527	4.571834687569953
528	4.563114693986783
529	4.567333072012508
530	4.56867170701155
531	4.561245288647502
532	4.54665557756631
533	4.543938050405627
534	4.535056477951177
535	4.533615508898494
536	4.525622060806696
537	4.5223517812653835
538	4.5157413749196325
539	4.505108729191872
540	4.49641269247186
541	4.485282838995378
542	4.473885654228698
543	4.474813982073861
544	4.468973569280232
545	4.463986981645166
546	4.454709347142991
547	4.4466562796997495
548	4.4399370743807065
549	4.427072866756214
550	4.415649345541096
551	4.401853747740687
552	4.389296157472583
553	4.379077303414065
554	4.372609173108535
555	4.36950071068503
556	4.361800558341435
557	4.358318960570906
558	4.3371949232217055
559	4.327560590161197
560	4.325416286389931
561	4.310740565888613
562	4.300228749936723
563	4.28971173784819
564	4.285620601585951
565	4.277491626550395
566	4.263294416393741
567	4.249386177618939
568	4.244884652665341
569	4.235933170335958
570	4.227912509215464
571	4.214638950093743
572	4.20814835458964
573	4.1994161092148845
574	4.19124400791484
575	4.183480460653044
576	4.182107832365067
577	4.17448765114249
578	4.162844203861363
579	4.16312716792087
580	4.147314502098355
581	4.134875486279467
582	4.129687523431927
583	4.124298720519586
584	4.114034653712348
585	4.107282706442846
586	4.094651626969078
587	4.084868806829474
588	4.0813797744567015
589	4.072089589466472
590	4.052641951856783
591	4.044387813089004
592	4.03520553336894
593	4.032114598825275
594	4.028275518285402
595	4.021239291143465
596	4.006745030153468
597	4.0024130460039435
598	3.9944507681790844
599	3.9830834056329296
600	3.9717195310506477
601	3.9639149292196376
602	3.9531480509742916
603	3.9460667095569724
604	3.940648075851451
605	3.927502248974809
606	3.929879097574686
607	3.9201437769734477
608	3.9026299212053117
609	3.8970658625345154
610	3.8894773354028245
611	3.8888471650116774
612	3.8736987470398585
613	3.8691216699973525
614	3.86205449216367
615	3.8521321311997
616	3.842222179372208
617	3.8346228594536402
618	3.823147836137548
619	3.814748643160644
620	3.7973335303336264
621	3.786870961088732
622	3.784571530663943
623	3.7832108676194185
624	3.7832640983523373
625	3.7740452132490745
626	3.762316199834926
627	3.7556076875053734
628	3.740042479446973
629	3.7321526554289712
630	3.72617552211755
631	3.727102327665471
632	3.7181588969002646
633	3.707267500430226
634	3.694917777126812
635	3.690036680474578
636	3.6849573306051124
637	3.68180460455906
638	3.678224378807777
639	3.668301639614634
640	3.6510502084356595
641	3.6449775725647986
642	3.6373788358411754
643	3.631935285853155
644	3.6237285070974066
645	3.613808078466948
646	3.609953549649402
647	3.5930865232918756
648	3.581204318639684
649	3.574138560395942
650	3.5641180286370964
651	3.5538693714108933
652	3.552704180033511
653	3.554048439966567
654	3.546358300208387
655	3.53270654491781
656	3.526180560711816
657	3.530363842119354
658	3.5241053174044112
659	3.5249817627426014
660	3.525720917354207
661	3.52109678675342
662	3.507548776503847
663	3.504139973045173
664	3.492519111735335
665	3.485760829243136
666	3.4827706553864792
667	3.4780762623995543
668	3.475367624260276
669	3.4712946869388044
670	3.4639221342901387
671	3.4574042354901153
672	3.4623717216243706
673	3.454791079286531
674	3.4444689099942467
675	3.4324615528829487
676	3.4299107289024025
677	3.4191816749357913
678	3.4089680260279214
679	3.4026667422514003
680	3.392238677512989
681	3.3812704480301785
682	3.3733215390603584
683	3.376959839102674
684	3.3773102287397565
685	3.3717222578270007
686	3.363888860444527
687	3.358177519624073
688	3.3531793138782784
689	3.339148158177614
690	3.3325562283217187
691	3.330061886309979
692	3.323015100535858
693	3.318255792525279
694	3.305922029188359
695	3.2973031116178237
696	3.2960083936322406
697	3.2930281940383845
698	3.28912877098444
699	3.2770011212422427
700	3.268543291657445
701	3.2605527173952167
702	3.256479836955487
703	3.2491404912079194
704	3.2453147541118197
705	3.244472785976278
706	3.245508332748011
707	3.2431243597174504
708	3.2368720461685494
709	3.2287296203664506
710	3.22802018067504
711	3.2216816769097463
712	3.2231576246280507
713	3.212015458603341
714	3.203465177890766
715	3.194983846137682
716	3.1794240632838755
717	3.168277991105275
718	3.160665139181906
719	3.1520698420464033
720	3.1454912718071277
721	3.1380925993304176
722	3.1383259869872564
723	3.1269273280977723
724	3.1238213633018805
725	3.1154645486738546
726	3.10919763252558
727	3.105620944715408
728	3.0875712257910926
729	3.0760045947589307
730	3.070700707310534
731	3.062571483383696
732	3.0531680231472573
733	3.039851082256999
734	3.034614303893593
735	3.0331191913071405
736	3.0282378844378224
737	3.0272857334135646
738	3.0255505354573806
739	3.0112711398910927
740	3.012658701700918
741	3.0191127226639343
742	2.9994035311357443
743	2.990679106536699
744	2.985919393075398
745	2.9778839533168626
746	2.9705119512182283
747	2.969392999116496
748	2.96492851657202
749	2.956211199273307
750	2.95273906216923
751	2.9474309093382463
752	2.9466965108750816
753	2.9419136453105743
754	2.936047392676633
755	2.931348764618118
756	2.9324307175106314
757	2.9301577767424556
758	2.920502753382227
759	2.91608676776649
760	2.9044535861062597
761	2.89768682646913
762	2.889363973786733
763	2.8890479102087427
764	2.871485963725601
765	2.859153890578323
766	2.85790448642549
767	2.8539460209463856
768	2.8529431474241744
769	2.8481732687228414
770	2.8428410845677776
771	2.8350612411582206
772	2.8244610873526
773	2.814035775364343
774	2.8088432793845852
775	2.8102141441141506
776	2.807370683312955
777	2.801509414907979
778	2.792374640471306
779	2.790860060744556
780	2.7907504952890445
781	2.7884777451839193
782	2.7745031124152932
783	2.7667806510061745
784	2.7616645687270953
785	2.7603065091966985
786	2.754018483107468
787	2.7519788453018807
788	2.7416435111927457
789	2.740561444895813
790	2.7343860893813243
791	2.723353979937044
792	2.720758562840252
793	2.7092541440438676
794	2.700040691640662
795	2.694328419572438
796	2.687382411645598
797	2.6784322189249425
798	2.6689600182854267
799	2.6501450524721517
800	2.6480345646420638
801	2.640310649576795
802	2.635168201989498
803	2.626281538708921
804	2.6258999483816954
805	2.620809088816425
806	2.6156670460514873
807	2.605924983078756
808	2.61212649533757
809	2.604268006913095
810	2.596897352486849
811	2.5943668748599937
812	2.5923346878444575
813	2.5871720336467385
814	2.5830171017357744
815	2.5780436432654836
816	2.5714054847936554
817	2.571740825148112
818	2.563719263262897
819	2.5616689471296037
820	2.558152431898926
821	2.559062867025175
822	2.5517550055162017
823	2.547835482097414
824	2.5449350803761357
825	2.54176734453703
826	2.5340560199655444
827	2.5228658908432027
828	2.5168814321598374
829	2.5140173827937566
830	2.510126720784778
831	2.505731937838307
832	2.4916416098210346
833	2.4839085651314763
834	2.4807571858900737
835	2.475804367974161
836	2.47290666725292
837	2.468508626555044
838	2.4599938921286277
839	2.4567587403243922
840	2.44755080806832
841	2.4496646649671727
842	2.4486814359105735
843	2.44374636895805
844	2.4456910451043803
845	2.4385714170683817
846	2.431219481679809
847	2.4285594566938387
848	2.4226982700507564
849	2.4153514923490436
850	2.4165963188980717
851	2.413062242304824
852	2.417799516494973
853	2.410088791755069
854	2.3990707797218995
855	2.394730967525617
856	2.3886636743793286
857	2.382617016401456
858	2.3773739238505263
859	2.3725029749489095
860	2.3744041057804743
861	2.366636508380074
862	2.3588639807748986
863	2.356567831904474
864	2.346421670849364
865	2.345592362566825
866	2.338865180219333
867	2.3345811775993988
868	2.324926832301849
869	2.326257817753886
870	2.3265305404517664
871	2.326715764832724
872	2.324516581678127
873	2.323379698647074
874	2.3249490995064797
875	2.323121735504473
876	2.3237646422741642
877	2.310878379487369
878	2.303252556940997
879	2.2953354893439264
880	2.2910820174977244
881	2.2829545009956065
882	2.2775633330774836
883	2.281594755958362
884	2.2739356431706126
885	2.2725116530410854
886	2.2710364215734256
887	2.26643327210682
888	2.2595930619457043
889	2.247682905086432
890	2.240532177085259
891	2.2311884009514946
892	2.2262039755931102
893	2.2174869948422096
894	2.216014761836773
895	2.212850922890696
896	2.2092937971035163
897	2.2103525083736484
898	2.2050858357823997
899	2.205084224497099
900	2.2056121308969923
901	2.197346114968679
902	2.1904739972548075
903	2.180268900775646
904	2.1707871392309426
905	2.1657838909381844
906	2.1628093444199927
907	2.1631457624829795
908	2.1617591252632766
909	2.1576520243667097
910	2.1508403724680343
911	2.142475990024975
912	2.1371873815629976
913	2.128459111716314
914	2.1293294992013627
915	2.119216085243297
916	2.1135179739984045
917	2.109491006579684
918	2.108746626403138
919	2.1035551738412863
920	2.1019826945904865
921	2.0987481638699412
922	2.093883861813799
923	2.0899139761057004
924	2.084925204784755
925	2.081738336393273
926	2.074693189208287
927	2.070634230515026
928	2.070118071930296
929	2.062277375327715
930	2.061187843593907
931	2.05791792520378
932	2.055258003463707
933	2.0542895345683077
934	2.052315214633882
935	2.0453815814332073
936	2.0405146474819107
937	2.0370697439255485
938	2.0357233327495523
939	2.033545964154374
940	2.0258132753048437
941	2.02412409397463
942	2.020321598515872
943	2.015897325056803
944	2.0106976694356367
945	2.0086473202385218
946	1.9996214899417746
947	1.989739711976135
948	1.9858780974694286
949	1.9837807789145703
950	1.9805782305817288
951	1.9796007267053586
952	1.9796878753087845
953	1.9775728673999569
954	1.9744952593342846
955	1.9725557151119633
956	1.9673534179457939
957	1.964223046514045
958	1.9609114296554802
959	1.9599875472710435
960	1.9593844725918699
961	1.9531905854487395
962	1.9506703202115245
963	1.9481595499837494
964	1.9489219875849155
965	1.952888668780346
966	1.9498259677106597
967	1.9441687947356079
968	1.940247962004449
969	1.9388311782694725
970	1.9355931998077167
971	1.9339425128447003
972	1.929292596457713
973	1.928501672399451
974	1.9256508730082627
975	1.921111102608672
976	1.918352722882267
977	1.9133406281321643
978	1.9093636546029624
979	1.9034607177488057
980	1.8959539793132538
981	1.8950462350883637
982	1.897411223665538
983	1.8956181692430771
984	1.8946107742657143
985	1.8918547384500743
986	1.8911495471156266
987	1.8907738690185978
988	1.8902595043780814
989	1.882797873477979
990	1.8770719041307289
991	1.8712881039603646
992	1.8658660291039562
993	1.8598169570257626
994	1.8596118743340653
995	1.8569405785346607
996	1.856533955962184
997	1.8526791650876702
998	1.8527175502993736
999	1.8548731978488975
1000	1.8520186383980346
1001	1.8512143071097542
1002	1.8528903272287194
1003	1.854416626763631
1004	1.8521184453583626
1005	1.850318856701913
1006	1.8459649134472191
1007	1.8446788611301936
1008	1.843476168377452
1009	1.8381414600464714
1010	1.8351426895363743
1011	1.8321650036906143
1012	1.8311212213792236
1013	1.8299147073463742
1014	1.8235560471423897
1015	1.8182359687744614
1016	1.8184533583890483
1017	1.8127643569675556
1018	1.8132362276704674
1019	1.8107797085909718
1020	1.8028793119522462
1021	1.8042627625227214
1022	1.7986361525474064
1023	1.7950771591779457
1024	1.793636946074934
1025	1.7929534643708942
1026	1.7846607239430687
1027	1.7822443047860062
1028	1.7761556956333568
1029	1.7759632839780137
1030	1.7706523890117085
1031	1.7691733693053204
1032	1.7667599735729187
1033	1.7649462854407398
1034	1.7622240518619976
1035	1.7627069467012901
1036	1.7592879594359772
1037	1.7605838986584939
1038	1.7606043682459847
1039	1.7590332453150348
1040	1.7557448369551854
1041	1.752232622654443
1042	1.7465643939154454
1043	1.7419933581866893
1044	1.740625610844378
1045	1.73875041353146
1046	1.7345039082474139
1047	1.7333354232047338
1048	1.7351399275837054
1049	1.7312760432830536
1050	1.7303055418602913
1051	1.7301969771464187
1052	1.725401357698991
1053	1.722962311031409
1054	1.7224749835006086
1055	1.7193108646490847
1056	1.713271965366231
1057	1.7096116136550066
1058	1.7072994525518164
1059	1.707489522937012
1060	1.7025038271798307
1061	1.702249848280087
1062	1.6978441983102315
1063	1.6974226520677287
1064	1.700768181964396
1065	1.6984508177377733
1066	1.696836300635613
1067	1.6920631350837199
1068	1.6871956842895373
1069	1.684191057653013
1070	1.6824856836229083
1071	1.6808092694909098
1072	1.6790281744771094
1073	1.6757155355724345
1074	1.6722181735253598
1075	1.671231882930939
1076	1.6661001374518656
1077	1.6616939201307703
1078	1.6597951954327912
1079	1.660227953347875
1080	1.6586935627068502
1081	1.6549025977920577
1082	1.6594902529235345
1083	1.6545863679374557
1084	1.649223236389548
1085	1.6460992625828488
1086	1.6421527194988776
1087	1.6396340340016835
1088	1.6381577748251728
1089	1.6359163461155801
1090	1.6321448751886087
1091	1.6299243110594859
1092	1.629806945878399
1093	1.6319287760953707
1094	1.6333754366286188
1095	1.6322932765710665
1096	1.633285645986477
1097	1.6307731964457106
1098	1.6317165278377064
1099	1.6262713417440773
1100	1.6260951051570804
1101	1.625273714328267
1102	1.620891204425489
1103	1.6157774789386006
1104	1.6105278326146095
1105	1.6060908202934696
1106	1.6080877203569115
1107	1.6074305626761962
1108	1.6058995584661822
1109	1.6058407732805453
1110	1.6056419806293096
1111	1.604194954912885
1112	1.6063889199905248
1113	1.6019034716992613
1114	1.5980907352977847
1115	1.5981843501075086
1116	1.596373247446485
1117	1.5952422854277384
1118	1.592414523875079
1119	1.5904826773517582
1120	1.58960964212037
1121	1.5883025840283878
1122	1.5855967091119672
1123	1.584495530564742
1124	1.5812618405554428
1125	1.5797689597320606
1126	1.5747712325663812
1127	1.5705711558670643
1128	1.5659190750789331
1129	1.561815186751535
1130	1.5590609969144844
1131	1.5544170226946652
1132	1.5547996766446346
1133	1.553029196090009
1134	1.5488685816975243
1135	1.548448365069477
1136	1.550810343088455
1137	1.5490547418220335
1138	1.5437161385878382
1139	1.5433558322579028
1140	1.5411161110179132
1141	1.5407922494348631
1142	1.5376412849274863
1143	1.5396066148013594
1144	1.5392155535668732
1145	1.539332034477747
1146	1.5361626133113262
1147	1.5322710642793091
1148	1.5301560284831677
1149	1.5335963242967803
1150	1.5325021300853854
1151	1.5320291181046322
1152	1.5320266819966726
1153	1.5286100780868148
1154	1.524872580894744
1155	1.52214780327187
1156	1.5222465913278989
1157	1.5195397001777189
1158	1.5189242403595202
1159	1.518446343902304
1160	1.5215422840916129
1161	1.5191939787856905
1162	1.5148859875852683
1163	1.5073593006390764
1164	1.5058484929408056
1165	1.5041736737866118
1166	1.5020795267554052
1167	1.5008554716396283
1168	1.496108659943304
1169	1.4957719711908495
1170	1.4918353412090894
1171	1.4896313629999578
1172	1.491095060303089
1173	1.4903589684860294
1174	1.4932673424482346
1175	1.4899297978758932
1176	1.4887961408938748
1177	1.4887384259287852
1178	1.4880016359638977
1179	1.4840997316197577
1180	1.4843427892175902
1181	1.483795445823825
1182	1.4824905092173433
1183	1.4795597668168654
1184	1.4755999437761473
1185	1.4702224469852136
1186	1.4677453261452267
1187	1.4627083182993184
1188	1.4595421574725564
1189	1.4536385373492915
1190	1.450834435623992
1191	1.4463820084779857
1192	1.4418503533764537
1193	1.4422958524501228
1194	1.4426824608331463
1195	1.4431730968406402
1196	1.4469367074724062
1197	1.4467922387996233
1198	1.4499792189797365
1199	1.4464737730676749
1200	1.4441504763386934
1201	1.442462517172996
1202	1.4402824367609728
1203	1.4380817075884607
1204	1.4242192712578787
1205	1.4215882655352834
1206	1.4202300554672518
1207	1.4137816216617105
1208	1.4136258866787554
1209	1.411772719535782
1210	1.4103890754821071
1211	1.4097016446711308
1212	1.4041133778072505
1213	1.3998507051672562
1214	1.3965816531165776
1215	1.3939290764221706
1216	1.3946540172260449
1217	1.3949793805947983
1218	1.3921388743602368
1219	1.3935756410012043
1220	1.3922641375008598
1221	1.3892815390444664
1222	1.3886518196528217
1223	1.384037087570472
1224	1.3801093872890893
1225	1.3799255278006375
1226	1.3795311481628312
1227	1.3765612687302162
1228	1.3791294073065121
1229	1.377233891347685
1230	1.3714760058376205
1231	1.3717971628748749
1232	1.3686894505886906
1233	1.3670010569329603
1234	1.3649824965505835
1235	1.3631621810072756
1236	1.360498574296813
1237	1.359568263190877
1238	1.356086869174278
1239	1.3578458666262856
1240	1.3586067423733124
1241	1.3559041867429114
1242	1.3542737776645455
1243	1.352100370466769
1244	1.3505529824300224
1245	1.350725002145492
1246	1.34967928928843
1247	1.3480845714908047
1248	1.3452334596165811
1249	1.3459293829000378
1250	1.349778826860898
1251	1.3526697174971363
1252	1.3497709301580865
1253	1.347085738883739
1254	1.3451964066823923
1255	1.3458396374775343
1256	1.3475239680159883
1257	1.3470437127767676
1258	1.3437201714285287
1259	1.3402091284099233
1260	1.3401789266286963
1261	1.3390654464697382
1262	1.3377408342413515
1263	1.3430715551053785
1264	1.3409927673862283
1265	1.3324668998923526
1266	1.3292736146060458
1267	1.3215677344939676
1268	1.3166429176178562
1269	1.31255973241176
1270	1.309729740637014
1271	1.3123614280503317
1272	1.3098018661620148
1273	1.309386874283533
1274	1.3095850839118761
1275	1.3075182742502796
1276	1.3042633418652068
1277	1.2967915323948167
1278	1.2931301558023716
1279	1.2910327164373963
1280	1.290348936283744
1281	1.2896805536749971
1282	1.2889696387387064
1283	1.2852510196945992
1284	1.282558230615883
1285	1.2817868261960854
1286	1.279448491943828
1287	1.27917159716767
1288	1.2767579620741458
1289	1.274824143174183
1290	1.2750130073058916
1291	1.273187178258137
1292	1.2765579035198953
1293	1.2719575106933054
1294	1.2731089942291918
1295	1.27255491585467
1296	1.271213660241071
1297	1.2664830178456254
1298	1.2644580933658114
1299	1.2651571870284029
1300	1.2610064692361407
1301	1.2580379635230245
1302	1.2541306202326075
1303	1.252002040088835
1304	1.2517757508903742
1305	1.2502609190183231
1306	1.2469143495636892
1307	1.247042108813383
1308	1.252724137471383
1309	1.2542632783961345
1310	1.2533210318116659
1311	1.2529364991035448
1312	1.251197238890342
1313	1.2502783381840192
1314	1.2463268374268668
1315	1.2429738669360737
1316	1.2448298416762467
1317	1.2434894399320984
1318	1.2413386976548346
1319	1.2412045509086915
1320	1.2399915109003283
1321	1.239539208204811
1322	1.2357559478486397
1323	1.2347566322030792
1324	1.2324399605139074
1325	1.230188294893587
1326	1.2283073805766291
1327	1.2249139165917196
1328	1.2249206726824544
1329	1.22492484190318
1330	1.224866550483079
1331	1.2296660930800989
1332	1.2320415047951132
1333	1.230601740791556
1334	1.234460563866429
1335	1.2343268227505397
1336	1.233612514179514
1337	1.2334165194606685
1338	1.2358698771151913
1339	1.2303098665557832
1340	1.2296362191842622
1341	1.2269791585494236
1342	1.228210065214629
1343	1.2267781540631768
1344	1.2251992954547146
1345	1.2255744693808288
1346	1.223955080234801
1347	1.217543924556499
1348	1.213266407031132
1349	1.2137610453768188
1350	1.216038243276587
1351	1.2172107843674689
1352	1.2195203435648396
1353	1.2197902907568767
1354	1.220307193995719
1355	1.2188987885732727
1356	1.2175983760924822
1357	1.2133014804522795
1358	1.213038124615349
1359	1.2092099853652907
1360	1.207139332483272
1361	1.2045157065981602
1362	1.2088360576983914
1363	1.2059067002905302
1364	1.2041825422545873
1365	1.2006677747086947
1366	1.2001543345685346
1367	1.2015706363422085
1368	1.2023080591426556
1369	1.2003302566303187
1370	1.198623478794134
1371	1.1994227324219713
1372	1.2003407165871927
1373	1.1994951950857438
1374	1.19517433181046
1375	1.1934230449688004
1376	1.1874281122726968
1377	1.1861949704333123
1378	1.1857517887520264
1379	1.1858986065270432
1380	1.1869874791462858
1381	1.1876055494279987
1382	1.1878318097517193
1383	1.1844481722747227
1384	1.1832489778538307
1385	1.1812611377113555
1386	1.1821354078241142
1387	1.1813756858249267
1388	1.182473667938427
1389	1.180545284229529
1390	1.1805607333674608
1391	1.1776613997721888
1392	1.1773377617289982
1393	1.172620976957152
1394	1.1779555918641358
1395	1.1779399697246202
1396	1.1771506132281209
1397	1.1766315997020906
1398	1.175328637364818
1399	1.1756257032489321
1400	1.1719631829100798
1401	1.1721243371431487
1402	1.1708854642812627
1403	1.1687741975288792
1404	1.167560233656003
1405	1.1667720408788527
1406	1.1647792974389701
1407	1.1648299804323887
1408	1.1649362472555485
1409	1.1608534680312896
1410	1.1584719123027052
1411	1.1614076408321958
1412	1.162715213246135
1413	1.159975362470351
1414	1.1588415744299272
1415	1.1547828512303682
1416	1.1519141560607407
1417	1.1516432509978254
1418	1.1540808143191428
1419	1.153793386688613
1420	1.1533743214670076
1421	1.1526522008500186
1422	1.1491149433450885
1423	1.1497983067749016
1424	1.1482912363955773
1425	1.1490509754503109
1426	1.1497168402714901
1427	1.1494461057640344
1428	1.1528076336954731
1429	1.1519176928274124
1430	1.1515153904247235
1431	1.150668977277286
1432	1.1499398137296897
1433	1.1495314357824713
1434	1.1474808862874186
1435	1.1483543523134716
1436	1.1421718602050022
1437	1.1405247750366667
1438	1.1436362935521875
1439	1.1434294270149556
1440	1.1460387422123468
1441	1.1443053297922914
1442	1.1445057114593715
1443	1.140615228384015
1444	1.1404361535147969
1445	1.140763091125402
1446	1.1413169775876295
1447	1.142424115716633
1448	1.1439251505272336
1449	1.1444649991755145
1450	1.1424476020860983
1451	1.1409591185116026
1452	1.1406523721240251
1453	1.1414086937111425
1454	1.1404244512633746
1455	1.1356970102612274
1456	1.1359353554416374
1457	1.1303269490150802
1458	1.1322391362763553
1459	1.13343123790909
1460	1.1295434225455345
1461	1.1367771413222134
1462	1.1369300828685602
1463	1.1379099941053186
1464	1.1382126934063364
1465	1.1356182742759167
1466	1.1366272697516953
1467	1.1373660848382487
1468	1.13328154476352
1469	1.133772178826083
1470	1.1382757925155411
1471	1.1388776286030151
1472	1.1399562381148098
1473	1.1396002104079508
1474	1.13882123669198
1475	1.1400231176605784
1476	1.1340759087234256
1477	1.1337418308833158
1478	1.132965716207961
1479	1.131818981549467
1480	1.130575186247567
1481	1.1294060323207853
1482	1.132749871504175
1483	1.1299799274144522
1484	1.1297919860999868
1485	1.1292896440933387
1486	1.1331113540533795
1487	1.1318548042551582
1488	1.133855758212417
1489	1.1358422536298214
1490	1.1349469294704229
1491	1.133223092647262
1492	1.1348024509158958
1493	1.1358133360115161
1494	1.131982465644917
1495	1.1279535095944222
1496	1.131422235679076
1497	1.1268574052067646
1498	1.1267826558206695
1499	1.1209824546632996
1500	1.121366196622451
1501	1.118714728366479
1502	1.1209545577520945
1503	1.121054285957691
1504	1.1245765687306841
1505	1.1270327821718042
1506	1.1294220484957758
1507	1.1293072496357572
1508	1.130966599305052
1509	1.1317657928644533
1510	1.1323509713088773
1511	1.1322586632083098
1512	1.1322437671787409
1513	1.1307312277740384
1514	1.1308890874516293
1515	1.1300466183318671
1516	1.1277866497575997
1517	1.1265902962296244
1518	1.1244520713691133
1519	1.1248579823812208
1520	1.121199089308161
1521	1.1201124194800016
1522	1.1208792573372164
1523	1.1231627738006025
1524	1.1207893511961142
1525	1.1247173184117518
1526	1.1214973211034116
1527	1.1224967813470876
1528	1.1215573837943225
1529	1.129386467784344
1530	1.129580016169383
1531	1.13094948903175
1532	1.13257230883352
1533	1.1346630554077735
1534	1.1369829323202612
1535	1.1366926441156122
1536	1.1339977832368937
1537	1.1346399312592055
1538	1.1364488679257383
1539	1.1324854140136256
1540	1.1354940369141748
1541	1.1393653213095114
1542	1.1411645991809996
1543	1.139632389824613
1544	1.138014597855658
1545	1.1343864740571943
1546	1.1303414060363928
1547	1.1280299131814615
1548	1.127337673050632
1549	1.1301932402074817
1550	1.127503703606416
1551	1.1241737442786794
1552	1.1236079609821958
1553	1.124309756527524
1554	1.1248847574040473
1555	1.1247085231734089
1556	1.12146633639034
1557	1.1177647393421237
1558	1.1186882413654442
1559	1.1169638983815549
1560	1.1173911218617456
1561	1.1158438163199818
1562	1.1163511129776875
1563	1.115212269082486
1564	1.1173829322748154
1565	1.1111185368838679
1566	1.1127204434893816
1567	1.1071030053583135
1568	1.1054006430084806
1569	1.1064336867067948
1570	1.1047703716006265
1571	1.104603224976295
1572	1.1043942558567925
1573	1.1032907924723314
1574	1.1035898459185078
1575	1.1023057991242313
1576	1.102405946836414
1577	1.1011945652779207
1578	1.1039706609963653
1579	1.1056186730363762
1580	1.1065820378950801
1581	1.1120625101703119
1582	1.1042493491482184
1583	1.1076939607405638
1584	1.1065984204426467
1585	1.1054401405858827
1586	1.102237830462166
1587	1.1035629641115068
1588	1.1050467339220895
1589	1.1035277583976706
1590	1.1056331430962048
1591	1.1052168453613438
1592	1.1017631130016232
1593	1.0988908699866997
1594	1.0958371468815937
1595	1.0938731303595635
1596	1.0921083953844974
1597	1.0931395664661525
1598	1.0959182232393916
1599	1.0952820901695384
1600	1.0957176853719366
1601	1.1006774523381488
1602	1.1036285203414031
1603	1.1023605154101628
1604	1.1022956156242922
1605	1.10337352461694
1606	1.102310008994008
1607	1.1019509740876985
1608	1.1011097776856886
1609	1.1041744651130763
1610	1.104883773357095
1611	1.1073358730005332
1612	1.1061106262332105
1613	1.1034719276514997
1614	1.105926796128173
1615	1.1065886011758603
1616	1.1077651624683755
1617	1.1061372311494078
1618	1.1109542535715193
1619	1.1126831828814794
1620	1.1128863029885125
1621	1.1168874603991648
1622	1.114015331746165
1623	1.1115739435690593
1624	1.1127714907084723
1625	1.1150047208395708
1626	1.1141663294689483
1627	1.1168489181642312
1628	1.1152816500858849
1629	1.1163769230156777
1630	1.116422245495889
1631	1.1136921082499875
1632	1.1112896152528893
1633	1.1119023122521767
1634	1.109849690508292
1635	1.1091465087211037
1636	1.1078626504878561
1637	1.1102808730744094
1638	1.1126294607244223
1639	1.1107678460742694
1640	1.1155130525445005
1641	1.1154966580954542
1642	1.1131012490221175
1643	1.1162485340946768
1644	1.1117645762561554
1645	1.1082724125449916
1646	1.1128111152973281
1647	1.1121506901779568
1648	1.1158732655327244
1649	1.1160158408753365
1650	1.118881405402259
1651	1.118350234720482
1652	1.118844939837135
1653	1.1174866456284103
1654	1.1180852747645722
1655	1.1138461870122627
1656	1.1120464025087744
1657	1.1130139912482366
1658	1.117633266718572
1659	1.1183978320364971
1660	1.1227560904789642
1661	1.1247766499957406
1662	1.1284359866626053
1663	1.1238039070478525
1664	1.1233690776768699
1665	1.1203195491139908
1666	1.1146524130520092
1667	1.1135245416477981
1668	1.107161199000765
1669	1.1005587758922792
1670	1.1055245603468404
1671	1.1052157141447785
1672	1.10890521940188
1673	1.1099456715805225
1674	1.1110816881898418
1675	1.1116917499875927
1676	1.1126147455883673
1677	1.1123616436055028
1678	1.1108419686690512
1679	1.1114488556068465
1680	1.1099221993417265
1681	1.1164484860143629
1682	1.1184256324791406
1683	1.1146008024089427
1684	1.1127355222676294
1685	1.1127262138593268
1686	1.1119514166874938
1687	1.1118132847335085
1688	1.1125854721300334
1689	1.1132167764905705
1690	1.110119620824315
1691	1.1075534177831856
1692	1.1090451804060772
1693	1.1054706448561935
1694	1.1042947335146278
1695	1.1058512259588902
1696	1.106783132341851
1697	1.1063663387843166
1698	1.0952754421945077
1699	1.0951786730812496
1700	1.0982199479193693
1701	1.0943779194031853
1702	1.1027489553344059
1703	1.1022439595596139
1704	1.1030767958715977
1705	1.1043261305305614
1706	1.1118189753538155
1707	1.113429775304464
1708	1.1145794102061823
1709	1.1120220601603568
1710	1.1113977414821405
1711	1.106040440103316
1712	1.105026504526057
1713	1.1040592839993746
1714	1.1029904503375292
1715	1.1018483407241872
1716	1.0984462925782763
1717	1.0972331431750433
1718	1.0971003800675452
1719	1.0955001396691824
1720	1.093521720546496
1721	1.0928559075801607
1722	1.0893432516230637
1723	1.089478704255508
1724	1.0900680514269445
1725	1.092142236744424
1726	1.0929273929611507
1727	1.0918841447576462
1728	1.0929674865401173
1729	1.0931166829803143
1730	1.09261491611959
1731	1.0920258870191244
1732	1.0916756047197733
1733	1.0927713942156738
1734	1.0926173276017348
1735	1.0928040985018015
1736	1.0940625721955275
1737	1.0921853239083266
1738	1.0913601848689547
1739	1.092860097200217
1740	1.0943715811808066
1741	1.0960787771546459
1742	1.0966674146582802
1743	1.0942274730158859
1744	1.0904721374881554
1745	1.0894784652085667
1746	1.0899942881730666
1747	1.0938280598900045
1748	1.096615691785233
1749	1.097126316428783
1750	1.0989366302184431
1751	1.0952429848173297
1752	1.095115444342415
1753	1.0938601944834951
1754	1.0908303215695792
1755	1.090324118374342
1756	1.091005723497056
1757	1.0909978728142966
1758	1.0878295991195732
1759	1.0865962479158817
1760	1.0844035764490385
1761	1.0831626414519597
1762	1.0804389769353542
1763	1.0783435498031388
1764	1.0755377484777247
1765	1.0745164882765716
1766	1.0734751692946896
1767	1.0748662224346135
1768	1.0804663829086536
1769	1.081767551196986
1770	1.0819077717671433
1771	1.07810273087288
1772	1.0778328846377063
1773	1.080259951033506
1774	1.0792126625058163
1775	1.0782431710107498
1776	1.0785112939176549
1777	1.074773534773344
1778	1.073118943870666
1779	1.0752213698284454
1780	1.0758861062457283
1781	1.074894347942498
1782	1.0703131036316773
1783	1.068672338530541
1784	1.071106313948471
1785	1.069870351091865
1786	1.0670675527543787
1787	1.0732417316606127
1788	1.0744782682867295
1789	1.0729676376594357
1790	1.0720377932620575
1791	1.0717795606941942
1792	1.0721626939798095
1793	1.0707476023345228
1794	1.0745781977028852
1795	1.0767169176455003
1796	1.0761388260497147
1797	1.0733934750548568
1798	1.0735808072544366
1799	1.0715846089893077
1800	1.0657662017248482
1801	1.0673038424497627
1802	1.0657700219876076
1803	1.0634711357095394
1804	1.0653807976129783
1805	1.0644426741992614
1806	1.063022171644621
1807	1.0599916663215343
1808	1.0586002981028404
1809	1.0532164050258666
1810	1.0530005740562836
1811	1.055203524279786
1812	1.0549720696596256
1813	1.055286955178143
1814	1.053113819328118
1815	1.0536702332576835
1816	1.0540015289492637
1817	1.054605063237998
1818	1.0538829302033745
1819	1.0541646568605818
1820	1.0544425539343232
1821	1.0536285375345902
1822	1.055525338935505
1823	1.0531074807915581
1824	1.0547382586736636
1825	1.0541408553225808
1826	1.0517435481315516
1827	1.051231340643572
1828	1.0510534087053862
1829	1.0503804448573106
1830	1.0492985489811884
1831	1.0440264688542928
1832	1.041258525641927
1833	1.042816129456981
1834	1.042318975380865
1835	1.0439791453321536
1836	1.0435409258796748
1837	1.0459028036973204
1838	1.0463590159428766
1839	1.04741760979904
1840	1.0449626928786317
1841	1.0427701199524493
1842	1.0414068879761609
1843	1.0389748415928408
1844	1.043771548757711
1845	1.0405344026290388
1846	1.0391667792760584
1847	1.0406886641399928
1848	1.0382731335020687
1849	1.0374867970415627
1850	1.039668324422166
1851	1.0377040280320917
1852	1.0384681735965742
1853	1.0377859140720114
1854	1.0365023488276095
1855	1.0374097183017605
1856	1.037949047720875
1857	1.0370358679757778
1858	1.037284521692728
1859	1.0363897144360594
1860	1.0404425338359482
1861	1.0397280243087006
1862	1.0371111673059832
1863	1.0372626932120945
1864	1.0392733970993613
1865	1.0380336539333603
1866	1.0382297931455944
1867	1.039768819513929
1868	1.0368542049873066
1869	1.0396876060983622
1870	1.0382709660339189
1871	1.039986856812873
1872	1.0406374104590301
1873	1.036772532792515
1874	1.0375549101970163
1875	1.0357150807303477
1876	1.0359054587811352
1877	1.0365141873139454
1878	1.0351730313331606
1879	1.0323434124539894
1880	1.0305168210158506
1881	1.0292411920984825
1882	1.0270877482227412
1883	1.029283805417428
1884	1.0275276394478647
1885	1.027777811452507
1886	1.0250647327746731
1887	1.0263534950982616
1888	1.0293339292357964
1889	1.0281480960099094
1890	1.0268255847330434
1891	1.0280831953413396
1892	1.0271897523562952
1893	1.0277218680948499
1894	1.0244261708978308
1895	1.0246692887137094
1896	1.0247399896817155
1897	1.0219244375959577
1898	1.0243952739385356
1899	1.0244241190857317
1900	1.0249441173675669
1901	1.0238814925677686
1902	1.0214561401496092
1903	1.0232201362455107
1904	1.0245208156829977
1905	1.0250297246583135
1906	1.024470376703574
1907	1.02192996993631
1908	1.0213409854869646
1909	1.0221668724793507
1910	1.0206025717592981
1911	1.0165311224444444
1912	1.0110453059260984
1913	1.0108282450347181
1914	1.010908203962517
1915	1.0097587375441588
1916	1.0119117558167043
1917	1.0112802293450838
1918	1.0097585747534612
1919	1.007505461057446
1920	1.009065220102548
1921	1.0103914236432936
1922	1.0110369194149373
1923	1.0111233717481416
1924	1.0091086143934462
1925	1.0075944675633826
1926	1.0056770168633824
1927	1.0066371508331662
1928	1.0055389531615029
1929	1.0040920605905443
1930	1.002495175945651
1931	1.001419318892271
1932	1.0001699003619122
1933	0.9970300053751253
1934	0.9941883252252895
1935	0.9905891592528326
1936	0.9861903614532875
1937	0.9839600681600321
1938	0.9846787752740713
1939	0.9855490161637106
1940	0.9851447619033985
1941	0.983645634920183
1942	0.9798178334896225
1943	0.9804911654382704
1944	0.9813646069806383
1945	0.9811489564332977
1946	0.9800607942224268
1947	0.9772815353584936
1948	0.9772139561538357
1949	0.9767035564190771
1950	0.9737476111281229
1951	0.9713946718303673
1952	0.9669033831740957
1953	0.9655598805446821
1954	0.9630111544860535
1955	0.9596411161214472
1956	0.9584676527294768
1957	0.9571069507115337
1958	0.9578928970114653
1959	0.957568306984552
1960	0.9581046328172985
1961	0.9605081942022206
1962	0.9634456330214638
1963	0.9636254281359145
1964	0.9666686746923918
1965	0.9642492268593555
1966	0.9652186675318872
1967	0.9670240256082581
1968	0.9689752727477665
1969	0.9697570808261753
1970	0.9686800218879219
1971	0.9677087051352583
1972	0.9644238762258286
1973	0.9637474843476671
1974	0.961865973782288
1975	0.9645534657151345
1976	0.9644685477527031
1977	0.9631063964247824
1978	0.9619291857199137
1979	0.96240519257973
1980	0.9593159878499298
1981	0.9595705556372801
1982	0.9582803236791887
1983	0.9612871018129898
1984	0.9623924478379837
1985	0.9594698683863663
1986	0.9600811250073963
1987	0.9629533626363579
1988	0.9601694589039408
1989	0.9607711026826536
1990	0.9623567386414392
1991	0.9632060950898741
1992	0.9648068288049425
1993	0.9627429365019602
1994	0.9632165877365444
1995	0.9685877014220838
1996	0.9689828979606968
1997	0.9657882157503721
1998	0.9662160970285595
1999	0.9675711870387974
